video_id,title,published_at,views,likes,comments,duration_seconds,published_us_est,published_year,published_month,published_quarter,published_weekday,published_hour,like_ratio,comment_ratio,published_time_of_day,is_short,days_since_publish,views_per_day,likes_per_day,duration_bucket,playlist,top_category
FGC0cCAgGu0,Twitter making me tear up over here ðŸ¥¹,2/23/2024 14:34,8052,313,12,16,2/23/2024 8:34,2024,2,Q1,Friday,8,0.0389,0.0015,Morning,t,481,17,1,Short,,short
YDvJqgBv0Uc,#Recruiters #dataanalysis #data,8/3/2023 13:56,17598,1178,24,58,8/3/2023 7:56,2023,8,Q3,Thursday,7,0.0669,0.0014,Morning,t,685,26,2,Short,,short
PqCp1f0RIaU,Donâ€™t jump into Power BI first,7/23/2025 14:47,43577,1701,37,48,7/23/2025 8:47,2025,7,Q3,Wednesday,8,0.039,0.0008,Morning,t,1,43577,1701,Short,,short
xmVyaT-RuVo,Alex Freberg and Ben Rogojan Livestream | Everything Data Analytics and Data Engineering,9/11/2024 5:20,6013,198,8,4516,9/10/2024 23:20,2024,9,Q3,Tuesday,23,0.0329,0.0013,Evening,f,280,22,1,Very Long,,
hgp91KvbJV4,How to Lie with Data | Misleading Graphs,3/18/2025 13:01,5615,287,22,326,3/18/2025 8:01,2025,3,Q1,Tuesday,8,0.0511,0.0039,Morning,f,92,62,4,Short,,
QzLz-W29Tww,How to Start a Data YouTube Channel,10/24/2023 14:00,9940,436,47,657,10/24/2023 8:00,2023,10,Q4,Tuesday,8,0.0439,0.0047,Morning,f,603,17,1,Medium,,
Hsi2BG0SOiQ,Truth About Big Companies | Told by a Fortune 500 Data Analyst,1/21/2020 4:52,9867,356,20,345,1/20/2020 22:52,2020,1,Q1,Monday,22,0.0361,0.002,Evening,f,1975,5,1,Short,,
kqhJff8ruKw,Traditional applying to jobs is dead.,8/1/2025 14:53,16016,624,29,58,8/1/2025 8:53,2025,8,Q3,Friday,8,0.039,0.0018,Morning,t,1,16016,624,Short,,short
TP2OJuZhbIQ,Things I Learned as a Data Analyst p1,8/15/2025 13:46,6529,225,12,38,8/15/2025 7:46,2025,8,Q3,Friday,7,0.0345,0.0018,Morning,t,1,6529,225,Short,,short
tnz72ywhCoo,Coding with R and AI Now on Analyst Builder!,11/12/2024 14:01,6200,185,16,501,11/12/2024 8:01,2024,11,Q4,Tuesday,8,0.0298,0.0026,Morning,f,218,29,1,Short,,
klKWFqsqFeI,Handling Missing Data in R | R for Data Analytics Series,7/29/2025 14:01,1857,55,7,790,7/29/2025 8:01,2025,7,Q3,Tuesday,8,0.0296,0.0038,Morning,f,1,1857,55,Medium,,
Le35Qsgs2lM,#wife #careerchange #dataanalysis,8/11/2023 15:13,21231,1960,52,59,8/11/2023 9:13,2023,8,Q3,Friday,9,0.0923,0.0024,Morning,t,677,32,3,Short,,short
1ql4kNv0_qY,Where to find the Best Healthcare Data,3/11/2025 13:00,8349,430,24,471,3/11/2025 8:00,2025,3,Q1,Tuesday,8,0.0515,0.0029,Morning,f,99,85,5,Short,,
6lQzbk6_OTw,Top 3 Data Analyst Skills in 2020,1/17/2020 15:31,31449,1486,141,160,1/17/2020 9:31,2020,1,Q1,Friday,9,0.0473,0.0045,Morning,f,1979,16,1,Short,,
UOBTLzWY1vs,#DataAnalyst #AnalystBuilder #SQL,3/1/2024 14:43,23089,1560,19,38,3/1/2024 8:43,2024,3,Q1,Friday,8,0.0676,0.0008,Morning,t,474,49,4,Short,,short
ya28cb3zFGE,Data Analyst Salary | 100k with No Experience,1/23/2020 4:16,66398,2247,220,303,1/22/2020 22:16,2020,1,Q1,Wednesday,22,0.0338,0.0033,Evening,f,1973,34,2,Short,,
L-QnW_BZT3c,Live Portfolio Review with Alex the Analyst!  | Live Webinar,1/25/2023 18:14,17832,633,23,4217,1/25/2023 12:14,2023,1,Q1,Wednesday,12,0.0355,0.0013,Afternoon,f,875,21,1,Very Long,,
5y7tLNPVJPA,We did our best,2/8/2024 14:59,7586,246,5,9,2/8/2024 8:59,2024,2,Q1,Thursday,8,0.0324,0.0007,Morning,t,496,16,1,Short,,short
1cfrQLoJMPI,"Guided Portfolio Projects on Coursera | Python, SQL, Excel, Power BI, and Tableau",9/13/2022 12:30,60610,2182,96,501,9/13/2022 6:30,2022,9,Q3,Tuesday,6,0.036,0.0016,Morning,f,1009,61,3,Short,,
uHJFJUIYNAo,Understanding Your Data Analyst Salary Offer | What To Know Before Accepting,2/1/2022 12:30,21181,720,61,450,2/1/2022 6:30,2022,2,Q1,Tuesday,6,0.034,0.0029,Morning,f,1233,18,1,Short,,
wcKzdRVsMOw,Switching Careers to Become a Data Analyst | How I Made the Switch,2/11/2020 16:03,50964,1827,252,251,2/11/2020 10:03,2020,2,Q1,Tuesday,10,0.0358,0.0049,Morning,f,1954,27,1,Short,,
OTq2NRy_AGs,Working at a Big Company Vs Small Company | Told by a Fortune 500 Data Analyst,1/25/2020 17:38,16072,432,23,350,1/25/2020 11:38,2020,1,Q1,Saturday,11,0.0269,0.0014,Morning,f,1971,9,1,Short,,
DlEkWd-8VXA,250k Subscriber Live Stream!!,7/26/2022 15:19,4170,156,11,4539,7/26/2022 9:19,2022,7,Q3,Tuesday,9,0.0374,0.0026,Morning,f,1058,4,1,Very Long,,
zilfrWwbteQ,7 Ways to Use ChatGPT for Analytics | Webinar,4/18/2023 18:18,39413,1078,31,4135,4/18/2023 12:18,2023,4,Q2,Tuesday,12,0.0274,0.0008,Afternoon,f,792,50,2,Very Long,,
kk5zEOQzTmQ,Data Visualization and Presentation in R | R for Data Analytics Series,8/19/2025 14:01,2521,74,12,1264,8/19/2025 8:01,2025,8,Q3,Tuesday,8,0.0294,0.0048,Morning,f,1,2521,74,Medium,,
vAKs1-EEJ38,How to Remove Duplicates in an R Dataframe | R for Data Analytics Series,8/12/2025 14:01,1826,63,3,488,8/12/2025 8:01,2025,8,Q3,Tuesday,8,0.0345,0.0016,Morning,f,1,1826,63,Short,,
v5jasYkmwZI,Standardizing and Parsing Dates in R  using Lubridate | R for Data Analytics Series,8/5/2025 14:01,1573,39,6,506,8/5/2025 8:01,2025,8,Q3,Tuesday,8,0.0248,0.0038,Morning,f,1,1573,39,Short,,
0B-lz9VQkYs,Grouping and Aggregating Data in R | R for Data Analytics Series,7/22/2025 14:00,1997,42,5,497,7/22/2025 8:00,2025,7,Q3,Tuesday,8,0.021,0.0025,Morning,f,1,1997,42,Short,,
_YG8b1g-QJA,Getting Buy-in is a very difficult skill to learn,7/18/2025 14:11,6065,191,5,51,7/18/2025 8:11,2025,7,Q3,Friday,8,0.0315,0.0008,Morning,t,1,6065,191,Short,,short
A42T_b0gwF4,Filtering and Ordering Data in R | R for Data Analytics Series,7/15/2025 14:00,2442,66,6,827,7/15/2025 8:00,2025,7,Q3,Tuesday,8,0.027,0.0025,Morning,f,1,2442,66,Medium,,
8NfozskpBtY,If I got hired today hereâ€™s exactly what I would do!,7/11/2025 13:34,12711,662,10,73,7/11/2025 7:34,2025,7,Q3,Friday,7,0.0521,0.0008,Morning,t,1,12711,662,Short,,short
QC1Jased-PA,Reading and Writing Files in R | R for Data Analytics Series,7/8/2025 14:00,2065,65,6,620,7/8/2025 8:00,2025,7,Q3,Tuesday,8,0.0315,0.0029,Morning,f,1,2065,65,Medium,,
O5nQKzBb0oc,Operators in R | R for Data Analytics Series,7/1/2025 14:00,3717,93,8,708,7/1/2025 8:00,2025,7,Q3,Tuesday,8,0.025,0.0022,Morning,f,1,3717,93,Medium,,
73S2SJSTgQU,"Basics of R | Environment, Variables, Data Types | R for Data Analytics Series",6/24/2025 14:00,5998,112,9,689,6/24/2025 8:00,2025,6,Q2,Tuesday,8,0.0187,0.0015,Morning,f,1,5998,112,Medium,,
TsnGd6p9oTk,Installing R and R Studio | R for Data Analytics Series,6/17/2025 14:00,7587,194,13,359,6/17/2025 8:00,2025,6,Q2,Tuesday,8,0.0256,0.0017,Morning,f,1,7587,194,Short,,
DsI1vG-kXR8,Best Resources to Learn Data Analytics in 2025,6/10/2025 14:00,23223,955,42,407,6/10/2025 8:00,2025,6,Q2,Tuesday,8,0.0411,0.0018,Morning,f,8,2903,120,Short,,
4lhPHhPkVLM,Best Resources to Learn Data Visualization in 2025,6/3/2025 14:00,12515,360,30,268,6/3/2025 8:00,2025,6,Q2,Tuesday,8,0.0288,0.0024,Morning,f,15,835,24,Short,,
dkU5n0G7FRQ,Best Resources to Learn Excel in 2025,5/27/2025 14:01,14983,695,16,289,5/27/2025 8:01,2025,5,Q2,Tuesday,8,0.0464,0.0011,Morning,f,22,682,32,Short,,
kagUDLvrcZ8,Best Resources to Learn Python in 2025,5/20/2025 14:01,21941,794,54,309,5/20/2025 8:01,2025,5,Q2,Tuesday,8,0.0362,0.0025,Morning,f,29,757,28,Short,,
P5uJYPjUtlc,Best Resources to Learn SQL in 2025,5/13/2025 14:00,26655,946,35,371,5/13/2025 8:00,2025,5,Q2,Tuesday,8,0.0355,0.0013,Morning,f,36,741,27,Short,,
dStNNjOKML4,How to Practice for General Technical Interviews | Analyst Builder,5/6/2025 14:01,4858,180,18,621,5/6/2025 8:01,2025,5,Q2,Tuesday,8,0.0371,0.0037,Morning,f,43,113,5,Medium,,
OQM9x6E3ojo,How to Lie with Data | Biased Data Collection,4/29/2025 14:00,3367,102,12,262,4/29/2025 8:00,2025,4,Q2,Tuesday,8,0.0303,0.0036,Morning,f,50,68,3,Short,,
z39SB95JbDo,How to Lie with Data | Correlations,4/22/2025 14:01,3425,128,16,213,4/22/2025 8:01,2025,4,Q2,Tuesday,8,0.0374,0.0047,Morning,f,57,61,3,Short,,
W5CQb7klLCs,How to Lie with Data | Cherry Picking Data,4/15/2025 14:00,3812,158,8,252,4/15/2025 8:00,2025,4,Q2,Tuesday,8,0.0414,0.0021,Morning,f,64,60,3,Short,,
xb5-UX-jYw0,How to Lie with Data | Averages,4/8/2025 14:01,4309,221,15,407,4/8/2025 8:01,2025,4,Q2,Tuesday,8,0.0513,0.0035,Morning,f,71,61,4,Short,,
V3ouFOBQP0k,How to Lie with Data | Percentages and Baseline Numbers,4/1/2025 14:00,4558,222,11,318,4/1/2025 8:00,2025,4,Q2,Tuesday,8,0.0487,0.0024,Morning,f,78,59,3,Short,,
oi9W142ELN0,1 Million YouTube Play Button Unboxing!,3/25/2025 13:01,3236,243,80,460,3/25/2025 8:01,2025,3,Q1,Tuesday,8,0.0751,0.0247,Morning,f,85,39,3,Short,,
5n52mlp9Ym0,Maven Analytics + Analyst Builder Lifetime Access (Ends March 31st),3/24/2025 13:00,8986,255,41,315,3/24/2025 8:00,2025,3,Q1,Monday,8,0.0284,0.0046,Morning,f,86,105,3,Short,,
XuOcmjIbFGg,"Taking a look at Real Healthcare Data | ICD11, CPT, HCPCS, Claims",3/4/2025 14:00,9821,443,32,916,3/4/2025 8:00,2025,3,Q1,Tuesday,8,0.0451,0.0033,Morning,f,106,93,5,Medium,,
Ka2mDrKEAhg,How to Become a Healthcare Analyst in 2025,2/25/2025 14:00,31781,1546,153,1072,2/25/2025 8:00,2025,2,Q1,Tuesday,8,0.0486,0.0048,Morning,f,113,282,14,Medium,,
k8nBWL6K884,What is Healthcare Analytics?,2/18/2025 14:01,30769,1438,85,656,2/18/2025 8:01,2025,2,Q1,Tuesday,8,0.0467,0.0028,Morning,f,120,257,12,Medium,,
hCmEfxy-BXg,Is Big Tech Overrated in 2025? | Alex The Analyst Show Episode 28,12/31/2024 14:01,8920,305,68,2092,12/31/2024 8:01,2024,12,Q4,Tuesday,8,0.0342,0.0076,Morning,f,169,53,2,Long,,
TtCBz1lutsY,Most Commonly Asked Questions by Aspiring Data Analysts,12/24/2024 14:00,15494,745,36,718,12/24/2024 8:00,2024,12,Q4,Tuesday,8,0.0481,0.0023,Morning,f,176,89,5,Medium,,
Ihmq-qeA5Pc,My Career Progression 7+ Years | Recreational Therapist to Data Analyst | Alex The Analyst Show 27,12/17/2024 14:30,8725,382,125,2237,12/17/2024 8:30,2024,12,Q4,Tuesday,8,0.0438,0.0143,Morning,f,183,48,3,Long,,
wQQR60KtnFY,"Ultimate Data Analyst Bootcamp [24 Hours!] for FREE | SQL, Excel, Tableau, Power BI, Python, Azure",12/10/2024 6:00,701916,28016,953,84768,12/10/2024 0:00,2024,12,Q4,Tuesday,0,0.0399,0.0014,Early Morning,f,190,3695,148,Very Long,,
oHte3qFa-oY,"Learn AWS for Analytics in Under 2 Hours | S3, Athena, Glue, Glue DataBrew, Quicksight",12/3/2024 14:00,26686,745,40,6097,12/3/2024 8:00,2024,12,Q4,Tuesday,8,0.0279,0.0015,Morning,f,197,136,4,Very Long,,
P7p2OZj9ewU,"Learn Azure for Analytics in Under 90 Minutes | Azure Synapse Analytics, SQL Databases, ADF + More",11/26/2024 14:00,17229,417,24,4637,11/26/2024 8:00,2024,11,Q4,Tuesday,8,0.0242,0.0014,Morning,f,204,85,3,Very Long,,
I0vQ_VLZTWg,"Learn Power BI in Under 3 Hours | Formatting, Visualizations, Dashboards + Full Project",11/19/2024 14:00,408194,6736,215,7518,11/19/2024 8:00,2024,11,Q4,Tuesday,8,0.0165,0.0005,Morning,f,211,1935,32,Very Long,,
j8FSP8XuFyk,"Learn Tableau in Under 2 hours | Dashboards, Relationships, Visualizations + Mini Project",11/5/2024 14:01,170820,3029,89,5410,11/5/2024 8:01,2024,11,Q4,Tuesday,8,0.0177,0.0005,Morning,f,225,760,14,Very Long,,
zXnQNytHCPM,"Learn Excel in Under 3 Hours | Pivot Tables, Lookups, Data Cleaning",10/29/2024 13:01,83737,2007,80,9516,10/29/2024 8:01,2024,10,Q4,Tuesday,8,0.024,0.001,Morning,f,232,361,9,Very Long,,
osA1QpBcxRs,Nobody cares... so just do it!,10/24/2024 14:17,21607,2014,61,36,10/24/2024 8:17,2024,10,Q4,Thursday,8,0.0932,0.0028,Morning,t,237,92,9,Short,,short
Mdq1WWSdUtw,"Learn Pandas in Under 3 Hours | Filtering, Joins, Indexing, Data Cleaning, Visualizations",10/22/2024 14:00,85228,2034,56,9607,10/22/2024 8:00,2024,10,Q4,Tuesday,8,0.0239,0.0007,Morning,f,239,357,9,Very Long,,
CZt2BUpgjgw,Free Data Analyst Bootcamp 2024,10/17/2024 13:52,15368,1151,41,31,10/17/2024 7:52,2024,10,Q4,Thursday,7,0.0749,0.0027,Morning,t,244,63,5,Short,,short
t1fQBD4B7xk,"Learn Python in Under 3 Hours | Variables, For Loops, Web Scraping + Full Project",10/15/2024 14:01,52306,1387,50,9121,10/15/2024 8:01,2024,10,Q4,Tuesday,8,0.0265,0.001,Morning,f,246,213,6,Very Long,,
OT1RErkfLNQ,Learn SQL Beginner to Advanced in Under 4 Hours,10/8/2024 14:00,884062,18290,702,14698,10/8/2024 8:00,2024,10,Q4,Tuesday,8,0.0207,0.0008,Morning,f,253,3495,73,Very Long,,
_DGn-7134i0,"Data Analyst vs Data Engineer | Responsibilities, Salaries, Skills, Education",10/3/2023 14:00,37669,818,44,386,10/3/2023 8:00,2023,10,Q4,Tuesday,8,0.0217,0.0012,Morning,f,624,61,2,Short,,
amb9bciHGSI,Landing a Data Job Course on Analyst Builder,9/3/2024 14:00,24013,827,96,500,9/3/2024 8:00,2024,9,Q3,Tuesday,8,0.0344,0.004,Morning,f,288,84,3,Short,,
UTMuL_86gSQ,Complete Data Analyst Roadmap on Analyst Builder | Become a Data Analyst Faster!,7/25/2024 14:00,58635,1649,164,367,7/25/2024 8:00,2024,7,Q3,Thursday,8,0.0281,0.0028,Morning,f,328,179,6,Short,,
wJiJXD7MVoY,Is the Economy on the Brink of a Recession? | Let's Look at the Data!,6/18/2024 14:00,13783,812,134,1279,6/18/2024 8:00,2024,6,Q2,Tuesday,8,0.0589,0.0097,Morning,f,365,38,3,Medium,,
BzwAZ1k3WEY,Top 5 Most Common Excel Functions in Excel,6/11/2024 14:00,9307,387,9,1007,6/11/2024 8:00,2024,6,Q2,Tuesday,8,0.0416,0.001,Morning,f,372,26,2,Medium,,
5q2u8__sVhs,5 Awesome Excel Functions You've Probably Never Heard Of,6/4/2024 14:00,6599,239,17,844,6/4/2024 8:00,2024,6,Q2,Tuesday,8,0.0362,0.0026,Morning,f,379,18,1,Medium,,
UJbNEH0_nGY,How to Create Custom Functions in Excel | Lambda Functions,5/28/2024 14:00,7863,241,11,994,5/28/2024 8:00,2024,5,Q2,Tuesday,8,0.0306,0.0014,Morning,f,386,21,1,Medium,,
oz2K4HUNMW4,Top 5 Most Popular Functions In Microsoft Excel,5/21/2024 14:00,16674,457,28,992,5/21/2024 8:00,2024,5,Q2,Tuesday,8,0.0274,0.0017,Morning,f,393,43,2,Medium,,
F5v2dRYU5IA,2 Hour Data Analyst Interview Masterclass | Interview Better Than The Competition,5/7/2024 17:16,115296,3577,86,7480,5/7/2024 11:16,2024,5,Q2,Tuesday,11,0.031,0.0007,Morning,f,407,284,9,Very Long,,
c5ko0sedE7k,750k Subscriber Livestream! | Giveaways | Songs | Q/A,4/18/2024 20:35,5199,229,13,4996,4/18/2024 14:35,2024,4,Q2,Thursday,14,0.044,0.0025,Afternoon,f,426,13,1,Very Long,,
7b8ViCqD9JM,How to give up on the job search fast,3/27/2024 13:19,30348,2220,35,52,3/27/2024 8:19,2024,3,Q1,Wednesday,8,0.0732,0.0012,Morning,t,448,68,5,Short,,short
eON-PNPae8Y,How to Work with Recruiters on LinkedIn,8/15/2023 14:00,50297,2383,89,467,8/15/2023 8:00,2023,8,Q3,Tuesday,8,0.0474,0.0018,Morning,f,673,75,4,Short,,
1KEbiqRWOkA,7 Mistakes to Avoid During Your Data Analyst Job Search,3/5/2024 14:00,20128,753,50,714,3/5/2024 8:00,2024,3,Q1,Tuesday,8,0.0374,0.0025,Morning,f,470,43,2,Medium,,
_nf56aMPdZE,"Microsoft Copilot Full Review | AI in Word, PowerPoint, Excel and More!",2/6/2024 14:00,86877,1037,51,1485,2/6/2024 8:00,2024,2,Q1,Tuesday,8,0.0119,0.0006,Morning,f,498,175,3,Medium,,
XbDRYzYUmMo,Top 5 Emerging Trends in 2024 | CareerFoundry Webinar,1/30/2024 18:30,13468,474,10,4496,1/30/2024 12:30,2024,1,Q1,Tuesday,12,0.0352,0.0007,Afternoon,f,505,27,1,Very Long,,
xtC3212t4hI,Is my background in Data Analytics?,1/15/2024 15:22,32442,2154,33,57,1/15/2024 9:22,2024,1,Q1,Monday,9,0.0664,0.001,Morning,t,520,63,5,Short,,short
J0PcCv9f4JQ,#DataAnalyst #DataCareers #DataAnalysis,10/5/2023 14:13,17704,1310,32,58,10/5/2023 8:13,2023,10,Q4,Thursday,8,0.074,0.0018,Morning,t,622,29,3,Short,,short
GZS7AgQ4Ksg,Hard Skills vs Soft Skills,1/8/2024 14:06,15709,1039,7,30,1/8/2024 8:06,2024,1,Q1,Monday,8,0.0661,0.0004,Morning,t,527,30,2,Short,,short
K0-8G3DgjA4,How I Would Become a Data Analyst if I had to Start Over in 2024 | 6 Month Plan,12/26/2023 14:00,424869,16640,511,661,12/26/2023 8:00,2023,12,Q4,Tuesday,8,0.0392,0.0012,Morning,f,540,787,31,Medium,,
qPOmj22QX04,Practice SQL and Python right on your Phone!,12/13/2023 17:12,10348,642,20,28,12/13/2023 11:12,2023,12,Q4,Wednesday,11,0.062,0.0019,Morning,t,553,19,2,Short,,short
kifhSqep9UM,Analyst Builder Full Launch LiveStream | 20% Off Code & Giveaways,12/11/2023 20:04,12060,475,14,16464,12/11/2023 14:04,2023,12,Q4,Monday,14,0.0394,0.0012,Afternoon,f,555,22,1,Very Long,,
lEjmgE-hogg,#Excel is Frustrating,11/29/2023 19:00,12654,797,11,47,11/29/2023 13:00,2023,11,Q4,Wednesday,13,0.063,0.0009,Afternoon,t,567,23,2,Short,,short
qxj3dx0c7RM,7 Mistakes to Avoid in Your Data Analytics Job Search | CareerFoundry Webinar,11/28/2023 18:36,14283,432,11,4297,11/28/2023 12:36,2023,11,Q4,Tuesday,12,0.0302,0.0008,Afternoon,f,568,26,1,Very Long,,
TGAUZQJaQbQ,Why Data Analysts Hate Using Excel,11/14/2023 14:00,26249,972,139,444,11/14/2023 8:00,2023,11,Q4,Tuesday,8,0.037,0.0053,Morning,f,582,46,2,Short,,
1LG65qXfeQY,Python Beginner to Advanced in One Hour | CareerFoundry Webinar,10/26/2023 18:30,26760,990,12,4709,10/26/2023 12:30,2023,10,Q4,Thursday,12,0.037,0.0004,Afternoon,f,601,45,2,Very Long,,
ukIUVW2E-n0,600k Livestream! | Analyst Builder Giveaways | Songs | My Mom is Joining!,10/20/2023 18:18,5162,237,11,5107,10/20/2023 12:18,2023,10,Q4,Friday,12,0.0459,0.0021,Afternoon,f,607,9,1,Very Long,,
-DwpkgtJjGw,Data Analyst vs Business Analyst,10/13/2023 15:37,145660,7593,59,59,10/13/2023 9:37,2023,10,Q4,Friday,9,0.0521,0.0004,Morning,t,614,238,13,Short,,short
h4KTy2wxYcQ,First Look at Analyst Builder! | The All-in-One Platform for Data Analysts | Beta Launch Coming Soon,10/10/2023 14:00,32329,853,212,1311,10/10/2023 8:00,2023,10,Q4,Tuesday,8,0.0264,0.0066,Morning,f,617,53,2,Medium,,
LaRXtE4OG9A,#DataAnalysis #DataAnalyst #DataRealities,10/9/2023 14:11,32452,1896,26,40,10/9/2023 8:11,2023,10,Q4,Monday,8,0.0584,0.0008,Morning,t,618,53,4,Short,,short
j_sHaBJEHMk,#Salary #DataAnalyst #SalaryNegotiation,9/28/2023 14:37,14573,979,7,55,9/28/2023 8:37,2023,9,Q3,Thursday,8,0.0672,0.0005,Morning,t,629,24,2,Short,,short
xuyKzpJ2SaY,AI and Analytics with SAS | SAS Explore Recap,9/26/2023 14:00,24454,512,31,179,9/26/2023 8:00,2023,9,Q3,Tuesday,8,0.0209,0.0013,Morning,f,631,39,1,Short,,
D0mEy6bJ2lA,My Very First Video,9/25/2023 15:13,9610,501,29,23,9/25/2023 9:13,2023,9,Q3,Monday,9,0.0521,0.003,Morning,t,632,16,1,Short,,short
GaoAc3-hScQ,#DataAnalyst #CareerPath,9/22/2023 13:45,75425,4608,33,52,9/22/2023 7:45,2023,9,Q3,Friday,7,0.0611,0.0004,Morning,t,635,119,8,Short,,short
bxIF9X9k2IE,"Data Analyst vs Data Scientist | Responsibilities, Salaries, Skills, Education",9/19/2023 14:00,48162,1179,54,673,9/19/2023 8:00,2023,9,Q3,Tuesday,8,0.0245,0.0011,Morning,f,638,76,2,Medium,,
z_xWpa88R0A,#Excel #DataAnalyst #DataAnalysis,9/18/2023 13:38,17786,1298,21,56,9/18/2023 7:38,2023,9,Q3,Monday,7,0.073,0.0012,Morning,t,639,28,3,Short,,short
7PoZBuIUnEU,"Data Analyst vs Business Analyst | Responsibilities, Salaries, Skills, Education",9/12/2023 14:00,47579,1646,101,294,9/12/2023 8:00,2023,9,Q3,Tuesday,8,0.0346,0.0021,Morning,f,645,74,3,Short,,
fq1-e-GbihE,#DataAnalysis #DataAnalyst,9/7/2023 13:57,20971,1486,23,53,9/7/2023 7:57,2023,9,Q3,Thursday,7,0.0709,0.0011,Morning,t,650,33,3,Short,,short
Xkb6h3YXl_c,Hard Skills vs Soft Skills in the Data World | Which is More Important?,9/5/2023 14:00,15940,706,30,582,9/5/2023 8:00,2023,9,Q3,Tuesday,8,0.0443,0.0019,Morning,f,652,25,2,Short,,
qDprq7Xbrqw,"Entry Level vs Mid Level vs Senior Level Data Analyst | Responsibilities, Salary, Education, Skills",8/29/2023 6:00,45638,1961,113,323,8/29/2023 0:00,2023,8,Q3,Tuesday,0,0.043,0.0025,Early Morning,f,659,70,3,Short,,
UOHxb9ndpMM,#DataAnalyst #DataAnalysis #Promotion,8/28/2023 13:53,11030,633,10,51,8/28/2023 7:53,2023,8,Q3,Monday,7,0.0574,0.0009,Morning,t,660,17,1,Short,,short
_h_A_n8Z9QQ,#DataAnalyst #DataAnalysis,8/24/2023 13:53,21088,1403,54,60,8/24/2023 7:53,2023,8,Q3,Thursday,7,0.0665,0.0026,Morning,t,664,32,3,Short,,short
ugkyfUTc6AU,#DataAnalystSalary #DataAnalysis,8/17/2023 14:35,52344,3653,52,54,8/17/2023 8:35,2023,8,Q3,Thursday,8,0.0698,0.001,Morning,t,671,79,6,Short,,short
41nX2ZgGzcE,#dataanalysis #dataportfolio,8/14/2023 14:12,38466,3099,26,60,8/14/2023 8:12,2023,8,Q3,Monday,8,0.0806,0.0007,Morning,t,674,58,5,Short,,short
nufF-juSZxU,LINK: https://www.youtube.com/playlist?list=PLUaB-1hjhk8FE_XZ87vPPSfHqb6OcM0cF,8/9/2023 15:11,8402,751,44,37,8/9/2023 9:11,2023,8,Q3,Wednesday,9,0.0894,0.0052,Morning,t,679,13,2,Short,,short
W_s4c1vLGXM,How much do Data Analysts make? #dataanalyst #dataanalystsalary,7/31/2023 15:07,22115,841,45,46,7/31/2023 9:07,2023,7,Q3,Monday,9,0.038,0.002,Morning,t,688,33,2,Short,,short
DWte9zjGl0I,Do you need to learn SQL if you can do everything in Python?  #Python #dataanalysis #SQL,7/28/2023 14:48,64483,3475,48,51,7/28/2023 8:48,2023,7,Q3,Friday,8,0.0539,0.0007,Morning,t,691,94,6,Short,,short
OISvlkfbntY,What are Hiring Managers Looking For? | Nail the Interview Process!,7/18/2023 14:00,44754,1584,76,822,7/18/2023 8:00,2023,7,Q3,Tuesday,8,0.0354,0.0017,Morning,f,701,64,3,Medium,,
oreAsJTNcsA,SQL Beginner to Advanced in One Hour | CareerFoundry Webinar,7/6/2023 19:20,239081,6636,120,4108,7/6/2023 13:20,2023,7,Q3,Thursday,13,0.0278,0.0005,Afternoon,f,713,336,10,Very Long,,
LO7hzmoHEIE,500k Livestream!!,6/28/2023 19:11,6285,383,24,6232,6/28/2023 13:11,2023,6,Q2,Wednesday,13,0.0609,0.0038,Afternoon,f,721,9,1,Very Long,,
PExdWWcxmro,Best Places to Find Datasets for Your Projects,6/13/2023 14:00,232747,5683,101,464,6/13/2023 8:00,2023,6,Q2,Tuesday,8,0.0244,0.0004,Morning,f,736,317,8,Short,,
5l2d_Rv0odE,What is Microsoft Fabric? | New Data Analytics Platform!,5/29/2023 14:00,338985,6214,168,443,5/29/2023 8:00,2023,5,Q2,Monday,8,0.0183,0.0005,Morning,f,751,452,9,Short,,
IMU1V-JugKo,The Ultimate Data Analytics Career Plan for 2023 | CareerFoundry Webinar,5/16/2023 18:18,59047,1874,52,4248,5/16/2023 12:18,2023,5,Q2,Tuesday,12,0.0317,0.0009,Afternoon,f,764,78,3,Very Long,,
6jtS3Hz19kc,Google Bard Got An Upgrade! + Google's New AI Announcements!,5/12/2023 14:15,33389,799,79,521,5/12/2023 8:15,2023,5,Q2,Friday,8,0.0239,0.0024,Morning,f,768,44,2,Short,,
2izXQUoXyjA,How to Integrate ChatGPT in Jupyter Notebooks for Free!,4/25/2023 13:30,66430,1253,59,481,4/25/2023 7:30,2023,4,Q2,Tuesday,7,0.0189,0.0009,Morning,f,785,85,2,Short,,
PJINexERxOs,Google Business Intelligence Professional Certification Review,4/18/2023 13:30,47089,1277,74,424,4/18/2023 7:30,2023,4,Q2,Tuesday,7,0.0271,0.0016,Morning,f,792,60,2,Short,,
gTf2GLEhKgA,Google Advanced Data Analytics Professional Certificate First Look | Is it Worth it?,4/10/2023 13:30,161183,4550,403,695,4/10/2023 7:30,2023,4,Q2,Monday,7,0.0282,0.0025,Morning,f,800,202,6,Medium,,
6yNsc7JVPJE,Top 5 Biggest Mistakes Beginner Data Analysts Make,3/28/2023 13:30,39810,1797,82,534,3/28/2023 7:30,2023,3,Q1,Tuesday,7,0.0451,0.0021,Morning,f,813,49,3,Short,,
C75TROiiEa0,ChatGPT for Data Analysts | Best Use Cases + Analyzing a Dataset,2/14/2023 13:30,449580,8305,221,1867,2/14/2023 7:30,2023,2,Q1,Tuesday,7,0.0185,0.0005,Morning,f,855,526,10,Long,,
RBEgsEVO3T8,Reviewing Maven Analytics Free Portfolio Website,1/17/2023 13:30,29717,865,49,1356,1/17/2023 7:30,2023,1,Q1,Tuesday,7,0.0291,0.0016,Morning,f,883,34,1,Medium,,
gCG07l6Fu-U,5 Study Hacks for Beginner Data Analysts! | Live Webinar,1/16/2023 18:25,46670,1353,36,4650,1/16/2023 12:25,2023,1,Q1,Monday,12,0.029,0.0008,Afternoon,f,884,53,2,Very Long,,
0MKcCHrTo0c,"Reading, Writing, and Appending Files in Python | Python for Beginners",12/27/2022 14:00,12648,339,13,564,12/27/2022 8:00,2022,12,Q4,Tuesday,8,0.0268,0.001,Morning,f,904,14,1,Short,,
bVJfQAe-UP4,Why I Quit my 125k Analytics Job,12/20/2022 13:00,158274,8699,855,463,12/20/2022 7:00,2022,12,Q4,Tuesday,7,0.055,0.0054,Morning,f,911,174,10,Short,,
sXHIIW3Wt84,300k Livestream! | Giveaways for People in Chat | Bring Your Wine,10/19/2022 12:56,5280,242,21,5064,10/19/2022 6:56,2022,10,Q4,Wednesday,6,0.0458,0.004,Morning,f,973,6,1,Very Long,,
DVs9u15htXU,Interviewing Tina Huang | Fellow YouTuber and Data Enthusiast,10/13/2022 13:00,9703,333,20,1326,10/13/2022 7:00,2022,10,Q4,Thursday,7,0.0343,0.0021,Morning,f,979,10,1,Medium,,
zW3qJUeJLWc,Interviewing Luke Barousse | Arch-Nemesis and Fellow YouTuber,10/11/2022 13:00,7690,336,31,1466,10/11/2022 7:00,2022,10,Q4,Tuesday,7,0.0437,0.004,Morning,f,981,8,1,Medium,,
m1AkWK_ODLM,When Best Friends Work Together (ft. Luke Barousse),10/4/2022 12:30,16380,695,84,335,10/4/2022 6:30,2022,10,Q4,Tuesday,6,0.0424,0.0051,Morning,f,988,17,1,Short,,
4A8LV6fObYA,Tableau Data Analyst Certification Review,2/22/2022 12:30,72120,1679,130,769,2/22/2022 6:30,2022,2,Q1,Tuesday,6,0.0233,0.0018,Morning,f,1212,60,2,Medium,,
50D__p6jdEI,Top 8 Mistakes Beginner Data Analyst's Make | CareerFoundry Webinar,8/24/2022 18:15,77625,2067,78,4249,8/24/2022 12:15,2022,8,Q3,Wednesday,12,0.0266,0.001,Afternoon,f,1029,76,3,Very Long,,
tRCGGlMI19M,Interviewing Ken Jee | The Face of Data Science on YouTube,8/23/2022 12:30,7491,258,15,1735,8/23/2022 6:30,2022,8,Q3,Tuesday,6,0.0344,0.002,Morning,f,1030,8,1,Medium,,
0QZBnhofU_U,CareerFoundry Data Analytics Bootcamp Review | Bootcamp + Intro + Free Course Review,8/16/2022 12:30,28988,682,131,1361,8/16/2022 6:30,2022,8,Q3,Tuesday,6,0.0235,0.0045,Morning,f,1037,28,1,Medium,,
PEc29sRZoTM,"Best Courses for Alternative Analyst Jobs | Marketing Analyst, Business Analyst, Financial Analyst",8/2/2022 12:30,20924,876,75,566,8/2/2022 6:30,2022,8,Q3,Tuesday,6,0.0419,0.0036,Morning,f,1051,20,1,Short,,
4nsdARJGzJ0,Machine Learning Specialization on Coursera | Review,7/5/2022 12:30,26549,820,63,895,7/5/2022 6:30,2022,7,Q3,Tuesday,6,0.0309,0.0024,Morning,f,1079,25,1,Medium,,
_QvQxm4dptI,Meta Marketing Analytics Professional Certificate on Coursera | Review,6/28/2022 12:30,40001,1011,99,1146,6/28/2022 6:30,2022,6,Q2,Tuesday,6,0.0253,0.0025,Morning,f,1086,37,1,Medium,,
HX2TabgkzHo,Google's Secret Hiring Platform | Found in the Google Data Analytics Certification,6/21/2022 12:30,45777,1639,132,612,6/21/2022 6:30,2022,6,Q2,Tuesday,6,0.0358,0.0029,Morning,f,1093,42,2,Medium,,
MPENhkuSo0Q,Job Title Alternatives for Data Analysts,2/15/2022 12:30,26585,1021,94,732,2/15/2022 6:30,2022,2,Q1,Tuesday,6,0.0384,0.0035,Morning,f,1219,22,1,Medium,,
2HfSFdPEFRg,How to use a Public API | Using a Public API with Python,5/31/2022 12:30,66113,1955,91,841,5/31/2022 6:30,2022,5,Q2,Tuesday,6,0.0296,0.0014,Morning,f,1114,60,2,Medium,,
Q7i6zxHVj2Q,MySQL vs Postgresql vs Microsoft SQL Server Management Tools | Which Option is Best?,5/17/2022 12:30,170219,3420,288,965,5/17/2022 6:30,2022,5,Q2,Tuesday,6,0.0201,0.0017,Morning,f,1128,151,4,Medium,,
ddn-2r1j_OU,Top 3 Tips to Stop Procrastinating to be Successful,5/10/2022 12:30,33578,1674,155,400,5/10/2022 6:30,2022,5,Q2,Tuesday,6,0.0499,0.0046,Morning,f,1135,30,2,Short,,
Pf-9pjJK1e0,SQL vs NoSQL | What's the Difference?,5/3/2022 12:30,66961,1947,69,355,5/3/2022 6:30,2022,5,Q2,Tuesday,6,0.0291,0.001,Morning,f,1142,59,2,Short,,
-bSkREem8dM,Database vs Data Warehouse vs Data Lake | What is the Difference?,4/26/2022 12:30,963947,24691,344,322,4/26/2022 6:30,2022,4,Q2,Tuesday,6,0.0256,0.0004,Morning,f,1149,839,22,Short,,
GsAXOr715AU,200k Livestream! | Shaving | Puppies | Giveaway,4/14/2022 15:29,3185,133,11,4892,4/14/2022 9:29,2022,4,Q2,Thursday,9,0.0418,0.0035,Morning,f,1161,3,1,Very Long,,
2JnlQ8jwWbE,Things I HATE About Being a Data Analyst,4/12/2022 12:30,36677,1515,200,634,4/12/2022 6:30,2022,4,Q2,Tuesday,6,0.0413,0.0055,Morning,f,1163,32,2,Medium,,
hNTNZ00cZig,Best Website to Practice Technical Interview Questions,4/5/2022 12:30,20381,688,56,1305,4/5/2022 6:30,2022,4,Q2,Tuesday,6,0.0338,0.0027,Morning,f,1170,18,1,Medium,,
yRWkSKRYCaI,Top 5 Non-Technical Skills for Data Analysts,3/15/2022 11:30,22344,824,72,990,3/15/2022 6:30,2022,3,Q1,Tuesday,6,0.0369,0.0032,Morning,f,1191,19,1,Medium,,
s3JmRxs53W4,150k Subscriber Livestream!!,1/10/2022 15:59,3501,159,7,5138,1/10/2022 9:59,2022,1,Q1,Monday,9,0.0454,0.002,Morning,f,1255,3,1,Very Long,,
yDG5KiiOZcQ,How To Become A Data Analyst In 2022,1/4/2022 12:30,498492,21891,629,780,1/4/2022 6:30,2022,1,Q1,Tuesday,6,0.0439,0.0013,Morning,f,1261,396,18,Medium,,
DKrSgSy6F1o,100k Livestream | Announcing Giveaway Winners | Trimming Mustache | Answering Questions,8/13/2021 16:38,4751,191,26,3728,8/13/2021 10:38,2021,8,Q3,Friday,10,0.0402,0.0055,Morning,f,1405,4,1,Very Long,,
aLp-6C-p-T0,Why You Need to Stop Taking Courses (From an Ex-Course Addict),7/13/2021 13:30,130992,5621,362,211,7/13/2021 7:30,2021,7,Q3,Tuesday,7,0.0429,0.0028,Morning,f,1436,92,4,Short,,
FnTunxd8tAM,Top 5 Major Red Flags in Job Descriptions,11/18/2021 12:30,18463,955,71,421,11/18/2021 6:30,2021,11,Q4,Thursday,6,0.0517,0.0038,Morning,f,1308,15,1,Short,,
-_z_aphWSEo,Truth About My Job (Song) - As a Data Analyst,11/8/2021 12:30,11923,926,108,198,11/8/2021 6:30,2021,11,Q4,Monday,6,0.0777,0.0091,Morning,f,1318,10,1,Short,,
pL0jEjeM5hI,How to Grow Your Analytics Career | Alteryx Webinar Oct 2021 | Tips to Break Into Analytics,10/26/2021 12:00,11456,343,34,1220,10/26/2021 6:00,2021,10,Q4,Tuesday,6,0.0299,0.003,Morning,f,1331,9,1,Medium,,
eg_5EAUXs5o,Choosing a Domain to Make More Money,10/19/2021 12:00,20821,990,77,521,10/19/2021 6:00,2021,10,Q4,Tuesday,6,0.0475,0.0037,Morning,f,1338,16,1,Short,,
SVv0WwPzaUg,Asking My Family What I Do For a Living,5/11/2021 13:00,3782,195,55,757,5/11/2021 7:00,2021,5,Q2,Tuesday,7,0.0516,0.0145,Morning,f,1499,3,1,Medium,,
465x3JmMJYU,How NOT to Become a Data Analyst (Funny?),9/7/2021 13:30,17524,709,114,291,9/7/2021 7:30,2021,9,Q3,Tuesday,7,0.0405,0.0065,Morning,f,1380,13,1,Short,,
Ns1ZpTxQnUE,100k Subscriber Play Button Unboxing,8/31/2021 13:30,2686,237,96,396,8/31/2021 7:30,2021,8,Q3,Tuesday,7,0.0882,0.0357,Morning,f,1387,2,1,Short,,
CUa30M_FPhk,Interviewing with PwC for a Senior Data Analyst Position,8/17/2021 13:30,100320,2648,157,1389,8/17/2021 7:30,2021,8,Q3,Tuesday,7,0.0264,0.0016,Morning,f,1401,72,2,Medium,,
_zxPx1PQCqI,I Am No Longer a Data Analyst | Turning Down PwC | New Job,8/11/2021 13:30,143362,4392,481,959,8/11/2021 7:30,2021,8,Q3,Wednesday,7,0.0306,0.0034,Morning,f,1407,102,4,Medium,,
UGF49YZZRNc,When To Start Applying To Your First Data Analyst Job,7/21/2021 13:30,92701,4816,245,251,7/21/2021 7:30,2021,7,Q3,Wednesday,7,0.052,0.0026,Morning,f,1428,65,4,Short,,
dMHWOhgzUhU,How To Get a Data Analyst Job (with No Experience),6/8/2021 13:30,496301,21134,611,457,6/8/2021 7:30,2021,6,Q2,Tuesday,7,0.0426,0.0012,Morning,f,1471,338,15,Short,,
9RRQtNnq3s0,Google vs IBM Data Analytics Certificates | Which is Better?,4/13/2021 13:00,377979,12587,635,358,4/13/2021 7:00,2021,4,Q2,Tuesday,7,0.0333,0.0017,Morning,f,1527,248,9,Short,,
qewHAdfzLOw,Data Analyst Reacts: How to Go From Data Analyst to Data Scientist,4/6/2021 13:00,28503,964,85,748,4/6/2021 7:00,2021,4,Q2,Tuesday,7,0.0338,0.003,Morning,f,1534,19,1,Medium,,
bHssBHfHWmU,Laptops for Data Analysts |  Specifications + Recommendations,3/30/2021 13:00,204254,4294,334,930,3/30/2021 7:00,2021,3,Q1,Tuesday,7,0.021,0.0016,Morning,f,1541,133,3,Medium,,
duMcYRtQITA,Google Data Analytics Certificate | Coming Out Soon!,3/4/2021 13:15,51820,2356,314,464,3/4/2021 7:15,2021,3,Q1,Thursday,7,0.0455,0.0061,Morning,f,1567,34,2,Short,,
NViKsiGP4TY,DataQuest Review | Is it Worth it?,2/23/2021 13:00,25767,432,46,1040,2/23/2021 7:00,2021,2,Q1,Tuesday,7,0.0168,0.0018,Morning,f,1576,17,1,Medium,,
1gdKC5O0Pwc,R vs Python | Which is Better for Data Analysis?,2/16/2021 13:00,240678,5258,420,711,2/16/2021 7:00,2021,2,Q1,Tuesday,7,0.0218,0.0017,Morning,f,1583,153,4,Medium,,
8o-O6pR6yAE,IBM Data Analyst Certificate Study Session,1/30/2021 16:33,5335,173,22,4910,1/30/2021 10:33,2021,1,Q1,Saturday,10,0.0324,0.0041,Morning,f,1600,4,1,Very Long,,
D9bNctNnAig,DataCamp Review | Is it Worth it?,1/21/2021 13:00,210805,4261,274,975,1/21/2021 7:00,2021,1,Q1,Thursday,7,0.0202,0.0013,Morning,f,1609,132,3,Medium,,
T3KMZoXrVTQ,Top 5 Data Analyst Skills,1/12/2021 13:00,35024,1411,170,351,1/12/2021 7:00,2021,1,Q1,Tuesday,7,0.0403,0.0049,Morning,f,1618,22,1,Short,,
hfRcaRw_atI,Top 5 Data Analyst Interview Mistakes,1/5/2021 13:00,106875,2633,73,328,1/5/2021 7:00,2021,1,Q1,Tuesday,7,0.0246,0.0007,Morning,f,1625,66,2,Short,,
aPDOGxrONy0,2020 Year End Review + Upcoming Giveaway Details,12/31/2020 13:00,1585,140,101,217,12/31/2020 7:00,2020,12,Q4,Thursday,7,0.0883,0.0637,Morning,f,1630,1,1,Short,,
EWPeAXrF3zg,Solving Medium Level SQL LeetCode Questions | Part 2/3,12/22/2020 13:00,12192,252,33,1286,12/22/2020 7:00,2020,12,Q4,Tuesday,7,0.0207,0.0027,Morning,f,1639,8,1,Medium,,
BAVPAYWAoC4,Data Engineer vs Data Analyst | Which Is Right For You?,12/15/2020 13:00,87280,2830,147,399,12/15/2020 7:00,2020,12,Q4,Tuesday,7,0.0324,0.0017,Morning,f,1646,54,2,Short,,
BGBXnNvWdQ4,Solving LeetCode SQL Interview Questions | Part 1/3,11/10/2020 16:02,27879,710,66,1633,11/10/2020 10:02,2020,11,Q4,Tuesday,10,0.0255,0.0024,Morning,f,1681,17,1,Medium,,
pvxNYyJuiqA,Data Analyst Skills Path | What Skills You NEED to Know,11/3/2020 16:13,78068,3607,269,286,11/3/2020 10:13,2020,11,Q4,Tuesday,10,0.0462,0.0034,Morning,f,1688,47,3,Short,,
1xT68oeQTd0,Data Analyst Expectations vs Reality,10/6/2020 16:52,76003,2796,187,236,10/6/2020 10:52,2020,10,Q4,Tuesday,10,0.0368,0.0025,Morning,f,1716,45,2,Short,,
SKsjWzzz4mY,Top 5 Reasons You'll Be a Good Data Analyst,9/22/2020 15:03,14924,619,82,224,9/22/2020 9:03,2020,9,Q3,Tuesday,9,0.0415,0.0055,Morning,f,1730,9,1,Short,,
_gP-DH0iZLw,Top 5 Reasons Data Analytics is a Good Career Choice,9/8/2020 16:15,44806,1315,73,173,9/8/2020 10:15,2020,9,Q3,Tuesday,10,0.0293,0.0016,Morning,f,1744,26,1,Short,,
CsMh7Ykmnw4,Top 5 Reasons Not to Lie on Your Resume,9/1/2020 14:29,12604,212,119,237,9/1/2020 8:29,2020,9,Q3,Tuesday,8,0.0168,0.0094,Morning,f,1751,8,1,Short,,
5MZo2RoS8Yo,Data Analyst Career Path | How to Become a Data Analyst + What to Do Next,8/20/2020 15:46,131882,4658,270,522,8/20/2020 9:46,2020,8,Q3,Thursday,9,0.0353,0.002,Morning,f,1763,75,3,Short,,
M2ySRYpo9S0,Top 5 Reasons Not to Become a Data Analyst,8/12/2020 16:52,927817,19741,1047,318,8/12/2020 10:52,2020,8,Q3,Wednesday,10,0.0213,0.0011,Morning,f,1771,524,12,Short,,
ncXgqGePvwI,Data Analyst Bootcamps | Are They Worth It?,8/5/2020 15:14,35393,581,93,346,8/5/2020 9:14,2020,8,Q3,Wednesday,9,0.0164,0.0026,Morning,f,1778,20,1,Short,,
ywZXpfdqg1o,What Does a Data Analyst Actually Do?,7/29/2020 15:48,1068348,20480,515,258,7/29/2020 9:48,2020,7,Q3,Wednesday,9,0.0192,0.0005,Morning,f,1785,599,12,Short,,
MpIi4HtCiVk,Scraping Data Off Twitter Using Python | Twitterscraper + NLP + Data Visualization,7/15/2020 16:00,55527,1390,159,402,7/15/2020 10:00,2020,7,Q3,Wednesday,10,0.025,0.0029,Morning,f,1799,31,1,Short,,
G4syHs3M82E,Data Analyst vs Business Analyst | Which Is Right For You?,7/3/2020 16:17,797095,19956,592,280,7/3/2020 10:17,2020,7,Q3,Friday,10,0.025,0.0007,Morning,f,1811,441,12,Short,,
appOFpF2pFg,Best Free Online Courses for Data Analysts,6/23/2020 15:55,58184,2758,95,299,6/23/2020 9:55,2020,6,Q2,Tuesday,9,0.0474,0.0016,Morning,f,1821,32,2,Short,,
B2SPC3Wz1R8,Best Online Courses for Data Analysts,6/17/2020 16:57,189252,9591,426,525,6/17/2020 10:57,2020,6,Q2,Wednesday,10,0.0507,0.0023,Morning,f,1827,104,6,Short,,
fUpChfNN5Uo,Data Scientist vs Data Analyst | Which Is Right For You?,6/10/2020 17:49,797610,24398,862,467,6/10/2020 11:49,2020,6,Q2,Wednesday,11,0.0306,0.0011,Morning,f,1834,435,14,Short,,
oXAwKZWfbW0,Day in the Life of a Data Analyst | Fortune 500 Edition (During Quarantine),4/23/2020 15:08,15556,521,52,415,4/23/2020 9:08,2020,4,Q2,Thursday,9,0.0335,0.0033,Morning,f,1882,9,1,Short,,
qzZU6LAtIig,Day in the Life of a Data Analyst | Fortune 500 Edition,3/11/2020 14:44,126707,2585,261,260,3/11/2020 9:44,2020,3,Q1,Wednesday,9,0.0204,0.0021,Morning,f,1925,66,2,Short,,
9o9loJpG-t4,Data Analyst Fact Check |  84k Average Starting Salary?? | The Career Force 2020 Data Analyst Salary,2/26/2020 16:11,26086,853,162,454,2/26/2020 10:11,2020,2,Q1,Wednesday,10,0.0327,0.0062,Morning,f,1939,14,1,Short,,
oZKs2xMbXQE,Data Analyst Salary in 2020,2/19/2020 16:43,8319,159,26,224,2/19/2020 10:43,2020,2,Q1,Wednesday,10,0.0191,0.0031,Morning,f,1946,5,1,Short,,
N8f7NtDpbxA,Working With a Recruiter to Land Your First Job as a Data Analyst | LinkedIn Recruiters,2/14/2020 19:03,15220,648,39,360,2/14/2020 13:03,2020,2,Q1,Friday,13,0.0426,0.0026,Afternoon,f,1951,8,1,Short,,
XmFhpoS6Etk,Imposter Syndrome in Tech | Alex The Analyst Show | Episode 5,10/8/2020 16:26,7651,376,176,1556,10/8/2020 10:26,2020,10,Q4,Thursday,10,0.0491,0.023,Morning,f,1714,5,1,Medium,alex the analyst show,alex the analyst show
BV5ckMNNvi4,How to get Promoted as a Data Analyst | Alex The Analyst Show Episode 26,4/9/2024 14:00,9114,287,86,3374,4/9/2024 8:00,2024,4,Q2,Tuesday,8,0.0315,0.0094,Morning,f,435,21,1,Long,alex the analyst show,alex the analyst show
aofB2t5o2ao,Consulting and Freelancing in Data Analytics | ATA Show: Episode 25,10/17/2023 14:00,20385,767,272,4443,10/17/2023 8:00,2023,10,Q4,Tuesday,8,0.0376,0.0133,Morning,f,610,34,2,Very Long,alex the analyst show,alex the analyst show
FpgkpjSyBOw,State of AI in Analytics | Will AI be the End of Data Analysts?,5/15/2023 14:30,46707,1381,376,4352,5/15/2023 8:30,2023,5,Q2,Monday,8,0.0296,0.0081,Morning,f,765,62,2,Very Long,alex the analyst show,alex the analyst show
gCg47n_TlFc,Tech Layoffs and Hiring Freezes | The Great Resignation | Alex The Analyst Show | Episode 23,7/19/2022 12:30,22057,610,123,2954,7/19/2022 6:30,2022,7,Q3,Tuesday,6,0.0277,0.0056,Morning,f,1065,21,1,Long,alex the analyst show,alex the analyst show
gz2j5NBESSs,Pros and Cons of Working Remote | Alex The Analyst Show | Episode 21,3/29/2022 12:30,7185,276,159,2930,3/29/2022 6:30,2022,3,Q1,Tuesday,6,0.0384,0.0221,Morning,f,1177,7,1,Long,alex the analyst show,alex the analyst show
xKdtP3IZbnU,How I Manage My Time Working 60+ Hours Per Week | Alex The Analyst Show | Episode 22,4/20/2022 12:30,12026,326,161,2610,4/20/2022 6:30,2022,4,Q2,Wednesday,6,0.0271,0.0134,Morning,f,1155,11,1,Long,alex the analyst show,alex the analyst show
BIUFr9srS78,How I became a Data Analytics Manager | Alex The Analyst Show | Episode 20,1/18/2022 12:30,23545,868,361,2944,1/18/2022 6:30,2022,1,Q1,Tuesday,6,0.0369,0.0153,Morning,f,1247,19,1,Long,alex the analyst show,alex the analyst show
JikLVP9DkPs,Completely REALISTIC Jobs on LinkedIn | Alex The Analyst Show | Episode 12,11/25/2020 12:00,24918,886,162,1603,11/25/2020 6:00,2020,11,Q4,Wednesday,6,0.0356,0.0065,Morning,f,1666,15,1,Medium,alex the analyst show,alex the analyst show
A-LkxegXFX8,My Wife Answers Subscribers Questions About Me | Alex The Analyst Show | Episode 19,6/3/2021 13:30,6454,245,108,1585,6/3/2021 7:30,2021,6,Q2,Thursday,7,0.038,0.0167,Morning,f,1476,5,1,Medium,alex the analyst show,alex the analyst show
yzqpYs7dIqY,Completely Unrealistic Jobs on LinkedIn | Alex The Analyst Show | Episode 11,11/19/2020 16:00,14712,572,207,1329,11/19/2020 10:00,2020,11,Q4,Thursday,10,0.0389,0.0141,Morning,f,1672,9,1,Medium,alex the analyst show,alex the analyst show
SIseim20_Dc,Will Data Analysts Be Automated? | Alex The Analyst | Episode 18,3/18/2021 12:00,16518,485,118,1687,3/18/2021 7:00,2021,3,Q1,Thursday,7,0.0294,0.0071,Morning,f,1553,11,1,Medium,alex the analyst show,alex the analyst show
tJaDicmRW7s,Best Industries for Data Analysts in 2021 | Alex The Analyst Show | Episode 17,1/7/2021 13:00,15553,500,146,1665,1/7/2021 7:00,2021,1,Q1,Thursday,7,0.0321,0.0094,Morning,f,1623,10,1,Medium,alex the analyst show,alex the analyst show
w25ZjL0OqT4,Data Analyst Resume | Everything You Need to Know | Alex The Analyst Show | Episode 16,12/24/2020 13:00,42372,1212,137,3086,12/24/2020 7:00,2020,12,Q4,Thursday,7,0.0286,0.0032,Morning,f,1637,26,1,Long,alex the analyst show,alex the analyst show
ru0Xdvxd37Q,Entry vs Mid vs Senior Level Data Analyst | Alex The Analyst Show | Episode 15,12/17/2020 13:00,47506,1559,209,1600,12/17/2020 7:00,2020,12,Q4,Thursday,7,0.0328,0.0044,Morning,f,1644,29,1,Medium,alex the analyst show,alex the analyst show
whgwEwA5SHU,How to Find Out Your Coworkers Salary | Alex The Analyst Show | Episode 14,12/10/2020 13:00,3161,98,55,1571,12/10/2020 7:00,2020,12,Q4,Thursday,7,0.031,0.0174,Morning,f,1651,2,1,Medium,alex the analyst show,alex the analyst show
0HRgbb1PcDQ,"Data Analyst Salary (Expectations, Bonuses, 401K, ESPP) | Alex The Analyst Show | Episode 13",12/3/2020 13:00,23334,739,190,1628,12/3/2020 7:00,2020,12,Q4,Thursday,7,0.0317,0.0081,Morning,f,1658,15,1,Medium,alex the analyst show,alex the analyst show
GGLF2jLo8J4,What is No Code Analytics? | Alex The Analyst Show | Episode 10,11/12/2020 13:34,3942,122,81,1355,11/12/2020 7:34,2020,11,Q4,Thursday,7,0.0309,0.0205,Morning,f,1679,3,1,Medium,alex the analyst show,alex the analyst show
PurMLMKNX0I,What is Analytics Consulting? With John Ariansen | Alex The Analyst Show | Episode 9,11/5/2020 16:43,14012,396,118,3236,11/5/2020 10:43,2020,11,Q4,Thursday,10,0.0283,0.0084,Morning,f,1686,9,1,Long,alex the analyst show,alex the analyst show
brxnKIy6Cek,Asking My Wife Your Questions About Me | Alex The Analyst Show | Episode 8,10/27/2020 17:06,14563,565,223,1775,10/27/2020 12:06,2020,10,Q4,Tuesday,12,0.0388,0.0153,Afternoon,f,1695,9,1,Medium,alex the analyst show,alex the analyst show
aJ9Q10v8Nrc,Data Analyst Certifications | Are They Worth It? | Alex The Analyst Show | Episode 7,10/20/2020 16:08,180332,6206,986,1997,10/20/2020 10:08,2020,10,Q4,Tuesday,10,0.0344,0.0055,Morning,f,1702,106,4,Long,alex the analyst show,alex the analyst show
C2ik_qR5GOU,Working at a Startup vs Fortune 500 Company | Alex The Analyst Show | Episode 6,10/15/2020 17:33,4886,182,74,1762,10/15/2020 11:33,2020,10,Q4,Thursday,11,0.0372,0.0151,Morning,f,1707,3,1,Medium,alex the analyst show,alex the analyst show
eTsHJoMmhYQ,Covid and the Data Analyst Job Market | Alex The Analyst Show | Episode 4,10/1/2020 15:53,7408,254,161,1566,10/1/2020 9:53,2020,10,Q4,Thursday,9,0.0343,0.0217,Morning,f,1721,5,1,Medium,alex the analyst show,alex the analyst show
8SolrjsGqzE,Self Taught vs Boot Camp vs Degree | Alex The Analyst Show | Episode 3,9/24/2020 17:29,45937,1522,717,1680,9/24/2020 11:29,2020,9,Q3,Thursday,11,0.0331,0.0156,Morning,f,1728,27,1,Medium,alex the analyst show,alex the analyst show
Z2AachB309o,How I Changed Careers to Become a Data Analyst | Alex The Analyst Show | Episode 2,9/10/2020 15:16,418546,12162,3820,2454,9/10/2020 9:16,2020,9,Q3,Thursday,9,0.0291,0.0091,Morning,f,1742,241,7,Long,alex the analyst show,alex the analyst show
-Inc1be4zSg,The Hiring Process from an Interviewer's Perspective | Alex The Analyst Show | Episode 1,9/3/2020 17:38,22568,711,85,1624,9/3/2020 11:38,2020,9,Q3,Thursday,11,0.0315,0.0038,Morning,f,1749,13,1,Medium,alex the analyst show,alex the analyst show
Y-4ri9QjsTI,Infrastructure of Analyst Builder | Entire Tech Stack | Part 3,5/14/2024 14:00,6033,92,10,2740,5/14/2024 8:00,2024,5,Q2,Tuesday,8,0.0152,0.0017,Morning,f,400,16,1,Long,all things analyst builder,all things analyst builder
_R6K1aNtKpE,Challenges of Creating Analyst Builder | Challenges of a Startup | Part 2,5/7/2024 14:00,2566,65,11,2707,5/7/2024 8:00,2024,5,Q2,Tuesday,8,0.0253,0.0043,Morning,f,407,7,1,Long,all things analyst builder,all things analyst builder
5tKmTdvEAVk,How We Started Analyst Builder | How We Created It | Part 1,4/30/2024 14:00,6814,215,35,1367,4/30/2024 8:00,2024,4,Q2,Tuesday,8,0.0316,0.0051,Morning,f,414,17,1,Medium,all things analyst builder,all things analyst builder
XD1ul5fpnGI,Analyst Builder Full Launch! | The Learning Platform Built for Data Analysts,12/12/2023 14:00,25329,1029,112,987,12/12/2023 8:00,2023,12,Q4,Tuesday,8,0.0406,0.0044,Morning,f,554,46,2,Medium,all things analyst builder,all things analyst builder
rxyLC247h6E,AWS Quicksight | AWS Essentials,10/1/2024 14:00,26021,373,13,730,10/1/2024 8:00,2024,10,Q4,Tuesday,8,0.0143,0.0005,Morning,f,260,101,2,Medium,data analyst bootcamp,aws fundamentals for analysts
AycpRKyRagE,AWS Glue DataBrew and Glue | AWS Essentials,9/24/2024 14:00,10721,170,12,2732,9/24/2024 8:00,2024,9,Q3,Tuesday,8,0.0159,0.0011,Morning,f,267,41,1,Long,data analyst bootcamp,aws fundamentals for analysts
K2GfrERtliU,Amazon Athena in AWS | AWS Fundamentals,9/17/2024 14:00,16760,293,11,1473,9/17/2024 8:00,2024,9,Q3,Tuesday,8,0.0175,0.0007,Morning,f,274,62,2,Medium,data analyst bootcamp,aws fundamentals for analysts
hgaVi4sOHkM,S3 Storage in AWS | AWS Essentials,8/27/2024 14:00,12387,223,13,878,8/27/2024 8:00,2024,8,Q3,Tuesday,8,0.018,0.001,Morning,f,295,42,1,Medium,data analyst bootcamp,aws fundamentals for analysts
YSjbGET6R1A,AWS Setup and UI Walkthough | AWS,8/20/2024 14:00,14391,312,14,441,8/20/2024 8:00,2024,8,Q3,Tuesday,8,0.0217,0.001,Morning,f,302,48,2,Short,data analyst bootcamp,aws fundamentals for analysts
vDVcXXfc9e8,Getting Started in Azure Synapse Analytics | Azure Fundamentals,8/13/2024 14:01,31117,429,15,1177,8/13/2024 8:01,2024,8,Q3,Tuesday,8,0.0138,0.0005,Morning,f,309,101,2,Medium,data analyst bootcamp,azure fundamentals for analysts
sge9qTf8GdY,Getting Started in Azure Data Factory | Azure Fundamentals,8/6/2024 14:00,40574,630,31,1471,8/6/2024 8:00,2024,8,Q3,Tuesday,8,0.0155,0.0008,Morning,f,316,129,2,Medium,data analyst bootcamp,azure fundamentals for analysts
9ur0OpMADuM,How to use Azure SQL Databases | Azure Fundamentals,7/30/2024 14:00,45631,789,30,826,7/30/2024 8:00,2024,7,Q3,Tuesday,8,0.0173,0.0007,Morning,f,323,142,3,Medium,data analyst bootcamp,azure fundamentals for analysts
sEImMaovc1Q,Blob Storage and Storage Accounts in Azure | Azure Fundamentals,7/23/2024 14:01,15624,289,11,941,7/23/2024 8:01,2024,7,Q3,Tuesday,8,0.0185,0.0007,Morning,f,330,48,1,Medium,data analyst bootcamp,azure fundamentals for analysts
ZYps6TmBkWk,Azure Account Setup + $200 Free Credits | Azure Fundamentals,7/16/2024 14:00,26637,537,32,397,7/16/2024 8:00,2024,7,Q3,Tuesday,8,0.0202,0.0012,Morning,f,337,80,2,Short,data analyst bootcamp,azure fundamentals for analysts
QYd-RtK58VQ,MySQL Exploratory Data Analysis | Full Project,4/23/2024 14:00,139995,3254,152,1964,4/23/2024 8:00,2024,4,Q2,Tuesday,8,0.0232,0.0011,Morning,f,421,333,8,Long,data analyst bootcamp,data analyst bootcamp
4UltKCnnnTA,Data Cleaning in MySQL | Full Project,4/16/2024 14:00,340092,7252,1024,3071,4/16/2024 8:00,2024,4,Q2,Tuesday,8,0.0213,0.003,Morning,f,428,795,17,Long,data analyst bootcamp,data analyst bootcamp
WizLaDdsHUs,Create the Perfect Data Analyst Resume | Free Templates!,3/14/2023 12:30,241902,6506,255,1057,3/14/2023 7:30,2023,3,Q1,Tuesday,7,0.0269,0.0011,Morning,f,827,293,8,Medium,data analyst bootcamp,data analyst bootcamp
rGx1QNdYzvs,FREE Data Analyst Bootcamp!!,2/7/2023 13:30,2183215,50564,1971,412,2/7/2023 7:30,2023,2,Q1,Tuesday,7,0.0232,0.0009,Morning,f,862,2533,59,Short,data analyst bootcamp,data analyst bootcamp
CUBfrdDwznQ,How to Become a Data Analyst in 2023 (Completely FREE!),1/31/2023 13:30,1407202,45509,1424,839,1/31/2023 7:30,2023,1,Q1,Tuesday,7,0.0323,0.001,Morning,f,869,1620,53,Medium,data analyst bootcamp,data analyst bootcamp
7uH7_DThtX0,Top 3 Tips on Using LinkedIn to Land a Job,11/17/2020 15:11,354163,12369,253,410,11/17/2020 9:11,2020,11,Q4,Tuesday,9,0.0349,0.0007,Morning,f,1674,212,8,Short,data analyst bootcamp,data analyst bootcamp
S76iS03nGis,DIY Data Analyst Curriculum using Udemy (Under $75),1/24/2023 13:30,41816,1478,120,769,1/24/2023 7:30,2023,1,Q1,Tuesday,7,0.0353,0.0029,Morning,f,876,48,2,Medium,data analyst courses,data analyst courses
DXwFsxCtukg,DIY Data Analyst Curriculum using Coursera in 2023,1/10/2023 13:30,65765,3032,222,752,1/10/2023 7:30,2023,1,Q1,Tuesday,7,0.0461,0.0034,Morning,f,890,74,4,Medium,data analyst courses,data analyst courses
3irO29PJQHs,Best Coursera Courses for Data Analysts in 2022,2/8/2022 12:30,125135,5837,219,572,2/8/2022 6:30,2022,2,Q1,Tuesday,6,0.0466,0.0018,Morning,f,1226,103,5,Short,data analyst courses,data analyst courses
RJw-GSXXguA,Favorite Tableau and Power BI Courses on Udemy,6/1/2021 13:30,34445,888,86,623,6/1/2021 7:30,2021,6,Q2,Tuesday,7,0.0258,0.0025,Morning,f,1478,24,1,Medium,data analyst courses,data analyst courses
A4OVjWeVb10,Best Machine Learning Courses on Coursera,3/23/2021 12:00,63700,1874,83,399,3/23/2021 7:00,2021,3,Q1,Tuesday,7,0.0294,0.0013,Morning,f,1548,42,2,Short,data analyst courses,data analyst courses
wnapnTAMj68,Google Data Analytics Professional Certificate | It's Finally Here!,3/12/2021 13:00,372038,11210,1161,874,3/12/2021 7:00,2021,3,Q1,Friday,7,0.0301,0.0031,Morning,f,1559,239,8,Medium,data analyst courses,data analyst courses
pYRG5X7110M,Best Course to Learn Statistics for Data Analysis,2/25/2021 13:00,128930,3125,93,372,2/25/2021 7:00,2021,2,Q1,Thursday,7,0.0242,0.0007,Morning,f,1574,82,2,Short,data analyst courses,data analyst courses
eFDbE5Yunj0,IBM Data Analyst Professional Certificate by Coursera | Is it Worth it?,1/26/2021 13:00,135821,3312,308,446,1/26/2021 7:00,2021,1,Q1,Tuesday,7,0.0244,0.0023,Morning,f,1604,85,3,Short,data analyst courses,data analyst courses
VsztBAEtC7c,Best Python Course for Data Analysts,1/19/2021 13:00,56542,1385,119,518,1/19/2021 7:00,2021,1,Q1,Tuesday,7,0.0245,0.0021,Morning,f,1611,36,1,Short,data analyst courses,data analyst courses
ySq0cgkZiX4,Top 10 Udemy Courses for Data Analysts,10/22/2020 17:14,199135,5225,304,657,10/22/2020 11:14,2020,10,Q4,Thursday,11,0.0262,0.0015,Morning,f,1700,118,4,Medium,data analyst courses,data analyst courses
mLUzFXPPa4I,Top 10 Coursera Courses for Data Analysts,10/13/2020 16:40,116345,4937,287,633,10/13/2020 10:40,2020,10,Q4,Tuesday,10,0.0424,0.0025,Morning,f,1709,69,3,Medium,data analyst courses,data analyst courses
KZKizyBS9YM,Solving VERY HARD SQL Interview Questions on Analyst Builder,1/11/2024 14:00,23605,589,23,1023,1/11/2024 8:00,2024,1,Q1,Thursday,8,0.025,0.001,Morning,f,524,46,2,Medium,all things analyst builder,data analyst interview
I0_ca6iyo6w,Solving HARD SQL Interview Questions on Analyst Builder,1/9/2024 14:00,31371,645,38,1286,1/9/2024 8:00,2024,1,Q1,Tuesday,8,0.0206,0.0012,Morning,f,526,60,2,Medium,all things analyst builder,data analyst interview
fT-8mRf_-Hk,Solving Medium SQL Interview Questions on Analyst Builder,1/4/2024 14:00,34541,765,48,744,1/4/2024 8:00,2024,1,Q1,Thursday,8,0.0221,0.0014,Morning,f,531,66,2,Medium,all things analyst builder,data analyst interview
ZHaYOC0H5KE,Solving Easy SQL Interview Questions on Analyst Builder,1/2/2024 14:00,63771,1405,58,738,1/2/2024 8:00,2024,1,Q1,Tuesday,8,0.022,0.0009,Morning,f,533,120,3,Medium,all things analyst builder,data analyst interview
ziurEoqEcO4,Data Analyst Interviews | Salary Negotiation,5/27/2020 17:13,27934,862,27,337,5/27/2020 11:13,2020,5,Q2,Wednesday,11,0.0309,0.001,Morning,f,1848,16,1,Short,data analyst interview questions,data analyst interview
rLKC--8UYSw,Data Analyst Interview Questions | What To Say vs What NOT To Say,5/20/2020 16:03,79415,1886,36,469,5/20/2020 10:03,2020,5,Q2,Wednesday,10,0.0237,0.0005,Morning,f,1855,43,2,Short,data analyst interview questions,data analyst interview
sua7xKN0cPc,SQL Interview Questions and Answers for Beginners | Data Analyst Interview Questions,5/13/2020 17:00,136097,3455,112,482,5/13/2020 11:00,2020,5,Q2,Wednesday,11,0.0254,0.0008,Morning,f,1862,74,2,Short,data analyst interview questions,data analyst interview
fweZQqB0nwQ,Data Analyst Interview Questions | Phone + In-Person Interview Questions,5/6/2020 17:20,87218,1706,60,464,5/6/2020 11:20,2020,5,Q2,Wednesday,11,0.0196,0.0007,Morning,f,1869,47,1,Short,data analyst interview questions,data analyst interview
KB2CtEDrglY,Automating Crypto Website API Pull Using Python | Data Analyst Project,6/7/2022 12:30,87448,1419,125,3074,6/7/2022 6:30,2022,6,Q2,Tuesday,6,0.0162,0.0014,Morning,f,1107,79,2,Long,data analyst bootcamp,data analyst portfolio projects
HiOtQMcI5wg,Amazon Web Scraping Using Python | Data Analyst Portfolio Project,8/24/2021 13:30,316347,6905,713,2834,8/24/2021 7:30,2021,8,Q3,Tuesday,7,0.0218,0.0023,Morning,f,1394,227,5,Long,data analyst bootcamp,data analyst portfolio projects
ocdwh0KYeUs,How to Create a Portfolio Website for FREE,6/29/2021 13:30,773065,16838,842,2129,6/29/2021 7:30,2021,6,Q2,Tuesday,7,0.0218,0.0011,Morning,f,1450,534,12,Long,data analyst bootcamp,data analyst portfolio projects
iPYVYBtUTyE,Data Analyst Portfolio Project | Correlation in Python | Project 4/4,6/22/2021 13:30,205183,3506,532,3645,6/22/2021 7:30,2021,6,Q2,Tuesday,7,0.0171,0.0026,Morning,f,1457,141,3,Very Long,data analyst portfolio projects,data analyst portfolio projects
8rO7ztF4NtU,Data Analyst Portfolio Project | Data Cleaning in SQL | Project 3/4,5/25/2021 13:30,461158,8509,888,3284,5/25/2021 7:30,2021,5,Q2,Tuesday,7,0.0185,0.0019,Morning,f,1485,311,6,Long,data analyst portfolio projects,data analyst portfolio projects
QILNlRvJlfQ,Data Analyst Portfolio Project | Tableau Visualization | Project 2/4,5/18/2021 13:30,418255,6441,471,3137,5/18/2021 7:30,2021,5,Q2,Tuesday,7,0.0154,0.0011,Morning,f,1492,281,5,Long,data analyst portfolio projects,data analyst portfolio projects
qfyynHBFOsM,Data Analyst Portfolio Project | SQL Data Exploration | Project 1/4,5/4/2021 13:00,2217091,37599,4400,4629,5/4/2021 7:00,2021,5,Q2,Tuesday,7,0.017,0.002,Morning,f,1506,1473,25,Very Long,data analyst portfolio projects,data analyst portfolio projects
XIWe4vCtHcY,Alex The Analyst Q/A Livestream | Come Ask Me Anything,7/24/2025 16:06,3791,141,6,3848,7/24/2025 10:06,2025,7,Q3,Thursday,10,0.0372,0.0016,Morning,f,1,3791,141,Very Long,data analyst q&a,data analyst q&a
QR8kxf925IQ,Alex The Analyst Q/A Livestream | Come Ask Me Anything,7/31/2025 16:45,3409,149,13,4211,7/31/2025 10:45,2025,7,Q3,Thursday,10,0.0437,0.0038,Morning,f,1,3409,149,Very Long,data analyst q&a,data analyst q&a
ho2vzKPAD50,Live Data Analyst Q&A #3,8/29/2020 16:37,3139,101,43,3738,8/29/2020 10:37,2020,8,Q3,Saturday,10,0.0322,0.0137,Morning,f,1754,2,1,Very Long,data analyst q&a,data analyst q&a
_2OknmkngkQ,Data Analyst Q/A Livestream + Special Guest! | December Livestream,12/17/2022 15:16,5113,166,15,4968,12/17/2022 9:16,2022,12,Q4,Saturday,9,0.0325,0.0029,Morning,f,914,6,1,Very Long,data analyst q&a,data analyst q&a
yhlqKsYpzgE,Alex The Analyst Q/A Livestream | Come Ask Me Anything,8/21/2025 16:09,2636,121,11,3673,8/21/2025 10:09,2025,8,Q3,Thursday,10,0.0459,0.0042,Morning,f,1,2636,121,Very Long,data analyst q&a,data analyst q&a
Mi8st3hyMH8,Alex The Analyst Q/A Livestream | Come Ask Me Anything,8/14/2025 16:18,2882,112,8,3967,8/14/2025 10:18,2025,8,Q3,Thursday,10,0.0389,0.0028,Morning,f,1,2882,112,Very Long,data analyst q&a,data analyst q&a
-Z2KjOUcvTA,Alex The Analyst Q/A Livestream | Come Ask Me Anything,8/7/2025 16:31,3113,112,19,3944,8/7/2025 10:31,2025,8,Q3,Thursday,10,0.036,0.0061,Morning,f,1,3113,112,Very Long,data analyst q&a,data analyst q&a
UT_hTGge_wc,Alex The Analyst Q/A Livestream | Come Ask Me Anything,7/17/2025 16:41,4550,200,14,4969,7/17/2025 10:41,2025,7,Q3,Thursday,10,0.044,0.0031,Morning,f,1,4550,200,Very Long,data analyst q&a,data analyst q&a
lpK71OwmG0s,Alex The Analyst Q/A Livestream | Come Ask Me Anything,7/10/2025 16:21,5308,239,19,4578,7/10/2025 10:21,2025,7,Q3,Thursday,10,0.045,0.0036,Morning,f,1,5308,239,Very Long,data analyst q&a,data analyst q&a
r5512UY3MTc,1 Million Subscriber Livestream!! Giveaways + Chat,3/5/2025 18:07,10330,672,68,6014,3/5/2025 12:07,2025,3,Q1,Wednesday,12,0.0651,0.0066,Afternoon,f,105,99,7,Very Long,data analyst q&a,data analyst q&a
Vg6ys_JvXzg,August Q/A Livestream! Come Ask Me Anything!,8/9/2024 17:17,5339,223,18,5904,8/9/2024 11:17,2024,8,Q3,Friday,11,0.0418,0.0034,Morning,f,313,18,1,Very Long,data analyst q&a,data analyst q&a
8zOkBTs0yxs,Q/A Livestream | February Livestream | Ask Me Anything!,2/29/2024 18:10,5643,189,7,5697,2/29/2024 12:10,2024,2,Q1,Thursday,12,0.0335,0.0012,Afternoon,f,475,12,1,Very Long,data analyst q&a,data analyst q&a
EflE8U30pBo,Data Analyst Q/A Livestream | September Livestream | Ask Me Anything!,9/28/2023 18:09,9004,284,21,5621,9/28/2023 12:09,2023,9,Q3,Thursday,12,0.0315,0.0023,Afternoon,f,629,15,1,Very Long,data analyst q&a,data analyst q&a
OnS01G8W6nw,Data Analyst Q/A Livestream | August Livestream | Ask Me Anything!,8/18/2023 16:23,8510,321,25,4365,8/18/2023 10:23,2023,8,Q3,Friday,10,0.0377,0.0029,Morning,f,670,13,1,Very Long,data analyst q&a,data analyst q&a
fHK4nHbUtj0,Data Analyst Q/A Livestream | May Livestream | Ask Me Anything!,5/30/2023 18:34,10268,363,20,5548,5/30/2023 12:34,2023,5,Q2,Tuesday,12,0.0354,0.0019,Afternoon,f,750,14,1,Very Long,data analyst q&a,data analyst q&a
kky9MMydnOA,Data Analyst Q/A Livestream | April Livestream | Ask Me Anything!,4/27/2023 18:32,10329,338,27,5944,4/27/2023 12:32,2023,4,Q2,Thursday,12,0.0327,0.0026,Afternoon,f,783,14,1,Very Long,data analyst q&a,data analyst q&a
Pfq-8pGzgg4,Data Analyst Live Stream | Riding out Hurricane Ian,10/1/2022 3:48,6800,212,8,5588,9/30/2022 21:48,2022,9,Q3,Friday,21,0.0312,0.0012,Evening,f,991,7,1,Very Long,data analyst q&a,data analyst q&a
dFA0E-6xT_M,Data Analyst Q/A Livestream | March Livestream | Ask Me Anything!,3/2/2023 17:27,11214,392,33,5296,3/2/2023 11:27,2023,3,Q1,Thursday,11,0.035,0.0029,Morning,f,839,14,1,Very Long,data analyst q&a,data analyst q&a
eP8-mo5jRrY,Data Analyst Q/A Livestream | November Livestream,11/16/2022 3:06,6315,199,18,3737,11/15/2022 21:06,2022,11,Q4,Tuesday,21,0.0315,0.0029,Evening,f,945,7,1,Very Long,data analyst q&a,data analyst q&a
rVhHGPDzEck,Data Analyst Q/A Livestream | October Livestream,10/31/2022 2:22,5748,181,11,4498,10/30/2022 21:22,2022,10,Q4,Sunday,21,0.0315,0.0019,Evening,f,961,6,1,Very Long,data analyst q&a,data analyst q&a
IZRe0nwkuXc,Data Analyst Q/A #6 | Why Am I Not a Data Scientist?,4/15/2021 13:00,22463,818,141,1145,4/15/2021 7:00,2021,4,Q2,Thursday,7,0.0364,0.0063,Morning,f,1525,15,1,Medium,data analyst q&a,data analyst q&a
rZpfNh28nFI,Data Analyst Q&A LIVE #4,10/30/2020 16:13,3574,104,25,4151,10/30/2020 11:13,2020,10,Q4,Friday,11,0.0291,0.007,Morning,f,1692,3,1,Very Long,data analyst q&a,data analyst q&a
MQ5UUNjWgug,Data Analyst Q/A LIVE #5 | AMA,11/28/2020 18:07,4915,131,18,5371,11/28/2020 12:07,2020,11,Q4,Saturday,12,0.0267,0.0037,Afternoon,f,1663,3,1,Very Long,data analyst q&a,data analyst q&a
IqQCBytyATo,Data Analyst Question and Answer | Answering Your YouTube Questions,7/22/2020 16:35,5016,180,67,349,7/22/2020 10:35,2020,7,Q3,Wednesday,10,0.0359,0.0134,Morning,f,1792,3,1,Short,data analyst q&a,data analyst q&a
LJtFgnHGAos,Data Analyst Q&A LIVE,5/31/2020 15:54,12385,272,54,3105,5/31/2020 9:54,2020,5,Q2,Sunday,9,0.022,0.0044,Morning,f,1844,7,1,Long,data analyst q&a,data analyst q&a
Ns-8Jsa3mEM,Data Analyst Resume | Complete Guide To Creating A Data Analyst Resume | Tips + Templates + Examples,2/6/2020 17:00,127035,3609,104,678,2/6/2020 11:00,2020,2,Q1,Thursday,11,0.0284,0.0008,Morning,f,1959,65,2,Medium,data analyst resume,data analyst resume
4rfr6A3lO-Y,Data Analyst Resume | Reviewing My Resume! | Fortune 500 Data Analyst,1/30/2020 15:07,82724,1782,63,453,1/30/2020 9:07,2020,1,Q1,Thursday,9,0.0215,0.0008,Morning,f,1966,43,1,Short,data analyst resume,data analyst resume
QG1fo7LFesA,Reviewing Your Data Analyst Resumes | Part 2,3/2/2021 13:00,25163,588,77,2436,3/2/2021 7:00,2021,3,Q1,Tuesday,7,0.0234,0.0031,Morning,f,1569,17,1,Long,data analyst resume,data analyst resume
Lacbh0VoT3g,Data Analyst Resume | Reviewing YOUR Data Analyst Resumes!,2/24/2020 17:34,27381,557,41,1070,2/24/2020 11:34,2020,2,Q1,Monday,11,0.0203,0.0015,Morning,f,1941,15,1,Medium,data analyst resume,data analyst resume
WpX2F2BS3Qc,What is Data Cleaning? | Data Fundamentals for Beginners,2/11/2025 14:00,30483,987,28,424,2/11/2025 8:00,2025,2,Q1,Tuesday,8,0.0324,0.0009,Morning,f,127,241,8,Short,data fundamentals for beginners,data fundamentals
cd_jj0IRmaA,What is Data Collection? | Data Fundamentals for Beginners,2/4/2025 14:00,16341,605,16,283,2/4/2025 8:00,2025,2,Q1,Tuesday,8,0.037,0.001,Morning,f,134,122,5,Short,data fundamentals for beginners,data fundamentals
OcG0B4ny1cE,What are File Types? | Data Fundamentals for Beginners,1/28/2025 14:00,11062,392,9,387,1/28/2025 8:00,2025,1,Q1,Tuesday,8,0.0354,0.0008,Morning,f,141,79,3,Short,data fundamentals for beginners,data fundamentals
hXpt8zj_ajc,What are Data Types? | Data Fundamentals for Beginners,1/21/2025 14:00,12009,454,18,294,1/21/2025 8:00,2025,1,Q1,Tuesday,8,0.0378,0.0015,Morning,f,148,82,4,Short,data fundamentals for beginners,data fundamentals
ItZlTixh6Bs,What are KPIs and Metrics? | Data Fundamental for Beginners,1/14/2025 14:00,22011,1019,34,346,1/14/2025 8:00,2025,1,Q1,Tuesday,8,0.0463,0.0015,Morning,f,155,143,7,Short,data fundamentals for beginners,data fundamentals
PEWMgtu-1e4,What is Data? | Data Fundamentals for Beginners,1/7/2025 14:00,21859,898,38,416,1/7/2025 8:00,2025,1,Q1,Tuesday,8,0.0411,0.0017,Morning,f,162,135,6,Short,data fundamentals for beginners,data fundamentals
opJgMj1IUrc,Full Project in Excel | Excel Tutorials for Beginners,3/22/2022 11:30,1069999,21955,1231,2450,3/22/2022 6:30,2022,3,Q1,Tuesday,6,0.0205,0.0012,Morning,f,1184,904,19,Long,data analyst bootcamp,excel tutorials
_jmiEGZ6PIY,Cleaning Data in Excel | Excel Tutorials for Beginners,3/1/2022 12:30,717606,14351,354,1264,3/1/2022 6:30,2022,3,Q1,Tuesday,6,0.02,0.0005,Morning,f,1205,596,12,Medium,data analyst bootcamp,excel tutorials
gMAHXrty6wI,Charts in Excel | Excel Tutorials for Beginners,1/25/2022 12:30,192381,4509,92,911,1/25/2022 6:30,2022,1,Q1,Tuesday,6,0.0234,0.0005,Morning,f,1240,156,4,Medium,data analyst bootcamp,excel tutorials
_eZRkmRfVTM,Conditional Formatting in Excel | Excel Tutorials for Beginners,1/11/2022 12:30,267949,5378,130,1259,1/11/2022 6:30,2022,1,Q1,Tuesday,6,0.0201,0.0005,Morning,f,1254,214,5,Medium,data analyst bootcamp,excel tutorials
Z7hPEwCzk2s,XLOOKUP in Excel | Excel Tutorials for Beginners,12/28/2021 12:30,322410,6435,252,1127,12/28/2021 6:30,2021,12,Q4,Tuesday,6,0.02,0.0008,Morning,f,1268,255,6,Medium,data analyst bootcamp,excel tutorials
XRPyj7cKVsQ,Formulas in Excel | Excel Tutorials for Beginners,12/21/2021 12:30,526199,10614,525,2034,12/21/2021 6:30,2021,12,Q4,Tuesday,6,0.0202,0.001,Morning,f,1275,413,9,Long,data analyst bootcamp,excel tutorials
lH7HfwUFnYA,Pivot Tables in Excel | Excel Tutorials for Beginners,12/14/2021 12:30,1048009,20536,475,1055,12/14/2021 6:30,2021,12,Q4,Tuesday,6,0.0196,0.0005,Morning,f,1282,818,17,Medium,data analyst bootcamp,excel tutorials
QMUZ5HfWMRc,Triggers and Events in MySQL | Advanced MySQL Series,4/2/2024 14:00,125656,3997,149,882,4/2/2024 8:00,2024,4,Q2,Tuesday,8,0.0318,0.0012,Morning,f,442,285,10,Medium,data analyst bootcamp,mysql tutorial series
7vnxpcqmqNQ,Stored Procedures in MySQL | Advanced MySQL Series,3/26/2024 13:00,131740,2482,88,757,3/26/2024 8:00,2024,3,Q1,Tuesday,8,0.0188,0.0007,Morning,f,449,294,6,Medium,data analyst bootcamp,mysql tutorial series
uEk07jXdKOo,Temp Tables in MySQL | Advanced MySQL Series,3/19/2024 13:00,88419,1832,73,466,3/19/2024 8:00,2024,3,Q1,Tuesday,8,0.0207,0.0008,Morning,f,456,194,5,Short,data analyst bootcamp,mysql tutorial series
UC7uvOqcUTs,CTEs in MySQL | Advanced MySQL Series,3/12/2024 13:00,151246,2459,79,631,3/12/2024 8:00,2024,3,Q1,Tuesday,8,0.0163,0.0005,Morning,f,463,327,6,Medium,data analyst bootcamp,mysql tutorial series
7NBt0V8ebGk,Window Functions in MySQL | Intermediate MySQL,2/27/2024 14:00,175973,4710,125,809,2/27/2024 8:00,2024,2,Q1,Tuesday,8,0.0268,0.0007,Morning,f,477,369,10,Medium,data analyst bootcamp,mysql tutorial series
Vj6RqA_X-IE,Subqueries in MySQL | Intermediate MySQL,2/20/2024 14:00,146317,2341,94,661,2/20/2024 8:00,2024,2,Q1,Tuesday,8,0.016,0.0006,Morning,f,484,303,5,Medium,data analyst bootcamp,mysql tutorial series
RYIiOG4LsvQ,Case Statements in MySQL | Intermediate MySQL,2/13/2024 14:00,131773,2311,116,533,2/13/2024 8:00,2024,2,Q1,Tuesday,8,0.0175,0.0009,Morning,f,491,269,5,Short,data analyst bootcamp,mysql tutorial series
KRXSJb9ql1Y,String Functions in MySQL | Intermediate MySQL Series,1/30/2024 14:00,147135,2513,81,714,1/30/2024 8:00,2024,1,Q1,Tuesday,8,0.0171,0.0006,Morning,f,505,292,5,Medium,data analyst bootcamp,mysql tutorial series
iTQW_nDp938,Unions in MySQL | Intermediate MySQL,1/23/2024 14:00,141447,2513,87,442,1/23/2024 8:00,2024,1,Q1,Tuesday,8,0.0178,0.0006,Morning,f,512,277,5,Short,data analyst bootcamp,mysql tutorial series
lXQzD09BOH0,Joins in MySQL | Intermediate MySQL,1/16/2024 14:00,300393,4240,180,1031,1/16/2024 8:00,2024,1,Q1,Tuesday,8,0.0141,0.0006,Morning,f,519,579,9,Medium,data analyst bootcamp,mysql tutorial series
ZnAydTqCtFU,Limit + Aliasing in MySQL | MySQL Beginner Series,12/19/2023 14:00,151764,2888,94,237,12/19/2023 8:00,2023,12,Q4,Tuesday,8,0.019,0.0006,Morning,f,547,278,6,Short,mysql basics tutorial series,mysql tutorial series
dCNjUOc1cBY,Having vs Where in MySQL | Beginner MySQL Series,12/5/2023 14:00,179885,3165,54,226,12/5/2023 8:00,2023,12,Q4,Tuesday,8,0.0176,0.0003,Morning,f,561,321,6,Short,mysql basics tutorial series,mysql tutorial series
zgYqUP_PhQo,Group By + Order By in MySQL | Beginner MySQL Series,11/28/2023 14:00,240652,4077,97,646,11/28/2023 8:00,2023,11,Q4,Tuesday,8,0.0169,0.0004,Morning,f,568,424,8,Medium,mysql basics tutorial series,mysql tutorial series
MARn_mssG4A,Where Clause in MySQL | Beginner MySQL Series,11/21/2023 14:00,261534,4114,140,747,11/21/2023 8:00,2023,11,Q4,Tuesday,8,0.0157,0.0005,Morning,f,575,455,8,Medium,mysql basics tutorial series,mysql tutorial series
HYD8KjPB9F8,Select Statement in MySQL | Beginner MySQL Series,11/7/2023 14:00,408322,5026,188,660,11/7/2023 8:00,2023,11,Q4,Tuesday,8,0.0123,0.0005,Morning,f,589,694,9,Medium,mysql basics tutorial series,mysql tutorial series
wgRwITQHszU,Installing MySQL and Creating Databases | MySQL for Beginners,10/31/2023 13:00,1172549,14880,1607,724,10/31/2023 8:00,2023,10,Q4,Tuesday,8,0.0127,0.0014,Morning,f,596,1968,25,Medium,mysql basics tutorial series,mysql tutorial series
pixlHHe_lNQ,Full Power BI Guided Project | Microsoft Power BI for Beginners,9/27/2022 12:30,574519,10539,554,2557,9/27/2022 6:30,2022,9,Q3,Tuesday,6,0.0183,0.001,Morning,f,995,578,11,Long,data analyst bootcamp,power bi tutorials
3NV5Jtbhfcw,Popular Visualizations in Power BI | Microsoft Power BI for Beginners,9/20/2022 12:30,181835,3693,78,854,9/20/2022 6:30,2022,9,Q3,Tuesday,6,0.0203,0.0004,Morning,f,1002,182,4,Medium,data analyst bootcamp,power bi tutorials
9j_EBt3RNrs,How to use Bins and Lists in Power BI | Microsoft Power BI for Beginners,9/6/2022 12:30,149056,3101,57,571,9/6/2022 6:30,2022,9,Q3,Tuesday,6,0.0208,0.0004,Morning,f,1016,147,4,Short,data analyst bootcamp,power bi tutorials
m0h3Ghl6mgY,How to use Conditional Formatting in Power BI | Microsoft Power BI for Beginners,8/30/2022 12:30,248017,3639,66,594,8/30/2022 6:30,2022,8,Q3,Tuesday,6,0.0147,0.0003,Morning,f,1023,243,4,Short,data analyst bootcamp,power bi tutorials
ulFY20KTzFQ,How to use Drill Down in Power BI | Microsoft Power BI for Beginners,8/9/2022 12:30,292523,4793,96,362,8/9/2022 6:30,2022,8,Q3,Tuesday,6,0.0164,0.0003,Morning,f,1044,281,5,Short,data analyst bootcamp,power bi tutorials
vcijg0gUXSg,How to use DAX in Power BI | Microsoft Power BI for Beginners,7/26/2022 12:30,318124,5819,237,944,7/26/2022 6:30,2022,7,Q3,Tuesday,6,0.0183,0.0007,Morning,f,1058,301,6,Medium,data analyst bootcamp,power bi tutorials
sW5LoDA1ssM,How to Create and Manage Relationships in Power BI | Microsoft Power BI for Beginners,7/12/2022 12:30,406254,6530,166,516,7/12/2022 6:30,2022,7,Q3,Tuesday,6,0.0161,0.0004,Morning,f,1072,379,7,Short,data analyst bootcamp,power bi tutorials
gP-AxNi6uxo,How to use Power Query in Power BI | Microsoft Power BI for Beginners,6/14/2022 12:30,529573,7876,128,787,6/14/2022 6:30,2022,6,Q2,Tuesday,6,0.0149,0.0002,Morning,f,1100,482,8,Medium,data analyst bootcamp,power bi tutorials
g0m5sEHPU-s,How to Install Power BI | Building First Visualization | Microsoft Power BI for Beginners,5/24/2022 12:30,792172,12674,320,770,5/24/2022 6:30,2022,5,Q2,Tuesday,6,0.016,0.0004,Morning,f,1121,707,12,Medium,data analyst bootcamp,power bi tutorials
zv1nfZTYpio,Building a Fully Interactive Web App using Shiny for Python,7/9/2024 14:01,15905,388,24,3592,7/9/2024 8:01,2024,7,Q3,Tuesday,8,0.0244,0.0015,Morning,f,344,47,2,Long,learn shiny for python,python tutorials
rn0dSsYXhIE,Shiny for Python Components and Layouts | Customizing You Web App,7/2/2024 14:01,6249,174,13,1448,7/2/2024 8:01,2024,7,Q3,Tuesday,8,0.0278,0.0021,Morning,f,351,18,1,Medium,learn shiny for python,python tutorials
siHou7lObbo,Shiny for Python Setup and Install | Deploying First Shiny App,6/25/2024 14:00,14680,351,40,864,6/25/2024 8:00,2024,6,Q2,Tuesday,8,0.0239,0.0027,Morning,f,358,42,1,Medium,learn shiny for python,python tutorials
_oCUSMX4_3k,Regular Expression Use Cases in Python,8/22/2023 14:00,11632,271,22,767,8/22/2023 8:00,2023,8,Q3,Tuesday,8,0.0233,0.0019,Morning,f,666,18,1,Medium,python regular expression,python tutorials
9NB5u17qiDY,Regular Expression Character Classes in Python,8/8/2023 14:00,14622,247,13,638,8/8/2023 8:00,2023,8,Q3,Tuesday,8,0.0169,0.0009,Morning,f,680,22,1,Medium,python regular expression,python tutorials
j6A28L6Tmxw,Regular Expression Metacharacters in Python,8/1/2023 14:00,13217,321,9,1203,8/1/2023 8:00,2023,8,Q3,Tuesday,8,0.0243,0.0007,Morning,f,687,20,1,Medium,python regular expression,python tutorials
EzeeypMKx7o,Regular Expression Methods in Python,7/25/2023 14:00,23392,460,14,517,7/25/2023 8:00,2023,7,Q3,Tuesday,8,0.0197,0.0006,Morning,f,694,34,1,Short,python regular expression,python tutorials
8dTpNajxaH0,Scraping Data from a Real Website | Web Scraping in Python,7/11/2023 14:00,690054,12214,478,1523,7/11/2023 8:00,2023,7,Q3,Tuesday,8,0.0177,0.0007,Morning,f,708,975,18,Medium,data analyst bootcamp,python tutorials
xjA1HjvmoMY,Find and Find_All | Web Scraping in Python,7/4/2023 14:00,95307,2400,44,730,7/4/2023 8:00,2023,7,Q3,Tuesday,8,0.0252,0.0005,Morning,f,715,134,4,Medium,data analyst bootcamp,python tutorials
bargNl2WeN4,BeautifulSoup + Requests | Web Scraping in Python,6/27/2023 14:00,229973,4023,81,418,6/27/2023 8:00,2023,6,Q2,Tuesday,8,0.0175,0.0004,Morning,f,722,319,6,Short,data analyst bootcamp,python tutorials
q-kbzWjyPak,Inspecting Web Pages with HTML | Web Scraping in Python,6/20/2023 14:00,90766,2209,42,355,6/20/2023 8:00,2023,6,Q2,Tuesday,8,0.0243,0.0005,Morning,f,729,125,4,Short,data analyst bootcamp,python tutorials
Liv6eeb1VfE,Exploratory Data Analysis in Pandas | Python Pandas Tutorials,6/6/2023 14:00,204226,4509,243,1933,6/6/2023 8:00,2023,6,Q2,Tuesday,8,0.0221,0.0012,Morning,f,743,275,7,Long,data analyst bootcamp,python tutorials
bDhvCp3_lYw,Data Cleaning in Pandas | Python Pandas Tutorials,5/23/2023 14:30,462473,10804,505,2317,5/23/2023 8:30,2023,5,Q2,Tuesday,8,0.0234,0.0011,Morning,f,757,611,15,Long,data analyst bootcamp,python tutorials
JpSMse3eVVg,Creating Visualizations using Pandas Library | Python Pandas Tutorials,5/9/2023 13:30,101333,2224,47,1010,5/9/2023 7:30,2023,5,Q2,Tuesday,7,0.0219,0.0005,Morning,f,771,132,3,Medium,data analyst bootcamp,python tutorials
TPivN7tpdwc,Merging DataFrames in Pandas | Python Pandas Tutorials,5/2/2023 14:06,160075,3443,84,1329,5/2/2023 8:06,2023,5,Q2,Tuesday,8,0.0215,0.0005,Morning,f,778,206,5,Medium,data analyst bootcamp,python tutorials
VRmXto2YA2I,Group By and Aggregate Functions in Pandas | Python Pandas Tutorials,4/4/2023 13:30,129254,3102,138,665,4/4/2023 7:30,2023,4,Q2,Tuesday,7,0.024,0.0011,Morning,f,806,161,4,Medium,data analyst bootcamp,python tutorials
mBCG9J1TVTc,Indexes in Pandas | Python Pandas Tutorials,3/21/2023 12:30,81115,1820,53,682,3/21/2023 7:30,2023,3,Q1,Tuesday,7,0.0224,0.0007,Morning,f,820,99,3,Medium,data analyst bootcamp,python tutorials
kB7FV-ijdqE,Filtering Columns and Rows in Pandas | Python Pandas Tutorials,3/7/2023 13:30,130788,2688,69,709,3/7/2023 7:30,2023,3,Q1,Tuesday,7,0.0206,0.0005,Morning,f,834,157,4,Medium,data analyst bootcamp,python tutorials
dUpyC40cF6Q,Reading in Files in Pandas | Python Pandas Tutorials,2/28/2023 13:30,265862,4265,125,1157,2/28/2023 7:30,2023,2,Q1,Tuesday,7,0.016,0.0005,Morning,f,841,317,6,Medium,data analyst bootcamp,python tutorials
gs0FNQR0njI,Building an Automated File Sorter in File Explorer using Python | Python Projects for Beginners,2/21/2023 13:32,86118,1870,101,1011,2/21/2023 7:32,2023,2,Q1,Tuesday,7,0.0217,0.0012,Morning,f,848,102,3,Medium,data analyst bootcamp,python tutorials
ey1VNjU0YbM,Building a BMI Calculator with Python | Python Projects for Beginners,1/3/2023 13:30,107229,2162,92,863,1/3/2023 7:30,2023,1,Q1,Tuesday,7,0.0202,0.0009,Morning,f,897,120,3,Medium,data analyst bootcamp,python tutorials
B63bN2cLVLM,Converting Data Types in Python | Python for Beginners,12/13/2022 13:00,64193,1653,40,396,12/13/2022 7:00,2022,12,Q4,Tuesday,7,0.0258,0.0006,Morning,f,918,70,2,Short,data analyst bootcamp,python tutorials
zvzjaqMBEso,Functions in Python | Python for Beginners,12/6/2022 13:00,106925,2260,45,764,12/6/2022 7:00,2022,12,Q4,Tuesday,7,0.0211,0.0004,Morning,f,925,116,3,Medium,data analyst bootcamp,python tutorials
ECduJk00mUU,While Loops in Python | Python for Beginners,11/29/2022 13:00,101660,2405,40,340,11/29/2022 7:00,2022,11,Q4,Tuesday,7,0.0237,0.0004,Morning,f,932,110,3,Short,data analyst bootcamp,python tutorials
zmIdC0_0BgY,For Loops in Python | Python for Beginners,11/22/2022 13:00,93278,2027,38,557,11/22/2022 7:00,2022,11,Q4,Tuesday,7,0.0217,0.0004,Morning,f,939,100,3,Short,data analyst bootcamp,python tutorials
-BOBedcjySI,If Else Statements in Python | Python for Beginners,11/15/2022 13:00,78702,1866,33,400,11/15/2022 7:00,2022,11,Q4,Tuesday,7,0.0237,0.0004,Morning,f,946,84,2,Short,data analyst bootcamp,python tutorials
lPVke-p4S7s,"Comparison, Logical, and Membership Operators in Python | Python for Beginners",11/8/2022 13:00,78447,1908,22,435,11/8/2022 7:00,2022,11,Q4,Tuesday,7,0.0243,0.0003,Morning,f,953,83,3,Short,data analyst bootcamp,python tutorials
ppsCxnNm-JI,Data Types in Python | Python for Beginners,11/1/2022 12:00,185567,4019,91,1318,11/1/2022 7:00,2022,11,Q4,Tuesday,7,0.0217,0.0005,Morning,f,960,194,5,Medium,data analyst bootcamp,python tutorials
pHOH7UfOhbE,Variables in Python | Python for Beginners,10/25/2022 13:00,170870,3505,83,797,10/25/2022 7:00,2022,10,Q4,Tuesday,7,0.0205,0.0005,Morning,f,967,177,4,Medium,data analyst bootcamp,python tutorials
WUeBzT43JyY,Installing Jupyter Notebooks/Anaconda | Python for Beginners,10/18/2022 13:00,553453,7805,209,603,10/18/2022 7:00,2022,10,Q4,Tuesday,7,0.0141,0.0004,Morning,f,974,569,9,Medium,data analyst bootcamp,python tutorials
D6XNlTfglW4,Intermediate SQL Tutorial | Partition By,12/1/2020 13:04,312777,6955,204,254,12/1/2020 7:04,2020,12,Q4,Tuesday,7,0.0222,0.0007,Morning,f,1660,189,5,Short,intermediate sql tutorials,sql tutorials
Dk7he_yEs4U,Intermediate SQL Tutorial | Aliasing,6/4/2020 16:00,156916,4108,105,372,6/4/2020 10:00,2020,6,Q2,Thursday,10,0.0262,0.0007,Morning,f,1840,86,3,Short,intermediate sql tutorials,sql tutorials
GQj6_6V_jVA,Advanced SQL Tutorial | String Functions + Use Cases,2/4/2021 13:00,191486,4639,156,829,2/4/2021 7:00,2021,2,Q1,Thursday,7,0.0242,0.0008,Morning,f,1595,121,3,Medium,advanced sql tutorials,sql tutorials
m1KcNV-Zhmc,Advanced SQL Tutorial | Subqueries,4/20/2021 13:00,439469,9287,245,517,4/20/2021 7:00,2021,4,Q2,Tuesday,7,0.0211,0.0006,Morning,f,1520,290,7,Short,advanced sql tutorials,sql tutorials
lYKkro6rKm0,Intermediate SQL Tutorial | Unions | Union Operator,3/26/2020 17:51,278062,5279,115,325,3/26/2020 12:51,2020,3,Q1,Thursday,12,0.019,0.0004,Afternoon,f,1910,146,3,Short,intermediate sql tutorials,sql tutorials
NrBJmtD0kEw,Advanced SQL Tutorial | Stored Procedures + Use Cases,3/16/2021 12:00,502643,8522,204,375,3/16/2021 7:00,2021,3,Q1,Tuesday,7,0.017,0.0004,Morning,f,1555,324,6,Short,advanced sql tutorials,sql tutorials
RF0LE3hYFrI,Advanced SQL Tutorial | Temp Tables,2/2/2021 13:00,277283,5940,148,619,2/2/2021 7:00,2021,2,Q1,Tuesday,7,0.0214,0.0005,Morning,f,1597,174,4,Medium,advanced sql tutorials,sql tutorials
K1WeoKxLZ5o,Advanced SQL Tutorial | CTE (Common Table Expression),12/8/2020 13:00,411302,6380,197,224,12/8/2020 7:00,2020,12,Q4,Tuesday,7,0.0155,0.0005,Morning,f,1653,249,4,Short,advanced sql tutorials,sql tutorials
9URM1_2S0ho,Intermediate SQL Tutorial | Inner/Outer Joins | Use Cases,3/19/2020 16:40,574327,9471,476,953,3/19/2020 11:40,2020,3,Q1,Thursday,11,0.0165,0.0008,Morning,f,1917,300,5,Medium,intermediate sql tutorials,sql tutorials
bhnrIforc7s,Intermediate SQL Tutorial | Updating/Deleting Data,4/16/2020 14:58,160365,3540,142,277,4/16/2020 8:58,2020,4,Q2,Thursday,8,0.0221,0.0009,Morning,f,1889,85,2,Short,intermediate sql tutorials,sql tutorials
tYBOMw7Ob8E,Intermediate SQL Tutorial | Having Clause,4/9/2020 18:01,195326,4949,92,211,4/9/2020 12:01,2020,4,Q2,Thursday,12,0.0253,0.0005,Afternoon,f,1896,104,3,Short,intermediate sql tutorials,sql tutorials
Twusw__OzA8,Intermediate SQL Tutorial | Case Statement | Use Cases,4/2/2020 17:16,319975,7615,439,446,4/2/2020 11:16,2020,4,Q2,Thursday,11,0.0238,0.0014,Morning,f,1903,169,5,Short,intermediate sql tutorials,sql tutorials
LXwfzIRD-Ds,SQL Basics Tutorial For Beginners | Group By + Order By Statements | 4/4,3/3/2020 16:06,342739,8355,235,489,3/3/2020 10:06,2020,3,Q1,Tuesday,10,0.0244,0.0007,Morning,f,1933,178,5,Short,sql basics for data analysts,sql tutorials
A9TOuDZTPDU,SQL Basics Tutorial For Beginners | Where Statement | 3/4,3/2/2020 17:01,361117,6220,156,478,3/2/2020 11:01,2020,3,Q1,Monday,11,0.0172,0.0004,Morning,f,1934,187,4,Short,sql basics for data analysts,sql tutorials
PyYgERKq25I,SQL Basics Tutorial For Beginners | Select + From Statements | 2/4,3/1/2020 18:02,527171,7526,307,374,3/1/2020 12:02,2020,3,Q1,Sunday,12,0.0143,0.0006,Afternoon,f,1935,273,4,Short,sql basics for data analysts,sql tutorials
RSlqWnP-Dy8,SQL Basics Tutorial For Beginners | Installing SQL Server Management Studio and Create Tables | 1/4,3/1/2020 1:50,1482007,18774,2057,577,2/29/2020 19:50,2020,2,Q1,Saturday,19,0.0127,0.0014,Evening,f,1935,766,10,Short,sql basics for data analysts,sql tutorials
zOR0-nygfDE,Full Beginner Project in Tableau | Tableau Tutorials for Beginners,12/7/2021 12:30,354096,6732,516,2658,12/7/2021 6:30,2021,12,Q4,Tuesday,6,0.019,0.0015,Morning,f,1289,275,6,Long,tableau tutorials for beginners,tableau tutorials
A4SVUF-fTwc,How to use Joins in Tableau | Tableau Tutorials for Beginners,11/23/2021 12:30,179661,4539,75,869,11/23/2021 6:30,2021,11,Q4,Tuesday,6,0.0253,0.0004,Morning,f,1303,138,4,Medium,tableau tutorials for beginners,tableau tutorials
ebjDwX8sUMk,How to Create Visualizations in Tableau | Tableau Tutorials for Beginners,10/5/2021 13:30,221331,4788,221,845,10/5/2021 7:30,2021,10,Q4,Tuesday,7,0.0216,0.001,Morning,f,1352,164,4,Medium,tableau tutorials for beginners,tableau tutorials
f6qxxtWkaUg,How to use Calculated Fields and Bins in Tableau | Tableau Tutorials for Beginners,9/28/2021 13:30,286559,5866,104,385,9/28/2021 7:30,2021,9,Q3,Tuesday,7,0.0205,0.0004,Morning,f,1359,211,5,Short,tableau tutorials for beginners,tableau tutorials
6xv1KvCMF1Q,How to Install Tableau and Create First Visualization | Tableau Tutorials for Beginners,9/21/2021 13:30,917531,20096,453,1024,9/21/2021 7:30,2021,9,Q3,Tuesday,7,0.0219,0.0005,Morning,f,1366,672,15,Medium,tableau tutorials for beginners,tableau tutorials
